/*
(localdb)\MSSQLLocalDB.CSETWeb11000    -  This database will be modified

to synchronize it with:

sql19dev1.CSETWeb

You are recommended to back up your database before running this script

Script created by SQL Data Compare version 14.5.22.19589 from Red Gate Software Ltd at 12/20/2021 12:33:35 PM

*/
		
SET NUMERIC_ROUNDABORT OFF
GO
SET ANSI_PADDING, ANSI_WARNINGS, CONCAT_NULL_YIELDS_NULL, ARITHABORT, QUOTED_IDENTIFIER, ANSI_NULLS, NOCOUNT ON
GO
SET DATEFORMAT YMD
GO
SET XACT_ABORT ON
GO
SET TRANSACTION ISOLATION LEVEL Serializable
GO
BEGIN TRANSACTION

PRINT(N'Drop constraints from [dbo].[MATURITY_REFERENCES]')
ALTER TABLE [dbo].[MATURITY_REFERENCES] NOCHECK CONSTRAINT [FK_MATURITY_REFERENCES_GEN_FILE]
ALTER TABLE [dbo].[MATURITY_REFERENCES] NOCHECK CONSTRAINT [FK_MATURITY_REFERENCES_MATURITY_QUESTIONS]

PRINT(N'Drop constraints from [dbo].[GEN_FILE_LIB_PATH_CORL]')
ALTER TABLE [dbo].[GEN_FILE_LIB_PATH_CORL] NOCHECK CONSTRAINT [FK_GEN_FILE_LIB_PATH_CORL_GEN_FILE]
ALTER TABLE [dbo].[GEN_FILE_LIB_PATH_CORL] NOCHECK CONSTRAINT [FK_GEN_FILE_LIB_PATH_CORL_REF_LIBRARY_PATH]

PRINT(N'Drop constraints from [dbo].[GEN_FILE]')
ALTER TABLE [dbo].[GEN_FILE] NOCHECK CONSTRAINT [FK_GEN_FILE_FILE_REF_KEYS]
ALTER TABLE [dbo].[GEN_FILE] NOCHECK CONSTRAINT [FK_GEN_FILE_FILE_TYPE]

PRINT(N'Drop constraint FILE_KEYWORDS_GEN_FILE_FK from [dbo].[FILE_KEYWORDS]')
ALTER TABLE [dbo].[FILE_KEYWORDS] NOCHECK CONSTRAINT [FILE_KEYWORDS_GEN_FILE_FK]

PRINT(N'Drop constraint FK_MATURITY_SOURCE_FILES_GEN_FILE from [dbo].[MATURITY_SOURCE_FILES]')
ALTER TABLE [dbo].[MATURITY_SOURCE_FILES] NOCHECK CONSTRAINT [FK_MATURITY_SOURCE_FILES_GEN_FILE]

PRINT(N'Drop constraint FK_REQUIREMENT_REFERENCES_GEN_FILE from [dbo].[REQUIREMENT_REFERENCES]')
ALTER TABLE [dbo].[REQUIREMENT_REFERENCES] NOCHECK CONSTRAINT [FK_REQUIREMENT_REFERENCES_GEN_FILE]

PRINT(N'Drop constraint FK_REQUIREMENT_SOURCE_FILES_GEN_FILE from [dbo].[REQUIREMENT_SOURCE_FILES]')
ALTER TABLE [dbo].[REQUIREMENT_SOURCE_FILES] NOCHECK CONSTRAINT [FK_REQUIREMENT_SOURCE_FILES_GEN_FILE]

PRINT(N'Drop constraint FK_SET_FILES_GEN_FILE from [dbo].[SET_FILES]')
ALTER TABLE [dbo].[SET_FILES] NOCHECK CONSTRAINT [FK_SET_FILES_GEN_FILE]

PRINT(N'Delete rows from [dbo].[MATURITY_REFERENCES]')
DELETE FROM [dbo].[MATURITY_REFERENCES] WHERE [Mat_Question_Id] = 261 AND [Gen_File_Id] = 3949 AND [Section_Ref] = 'AUD.B.4:'
DELETE FROM [dbo].[MATURITY_REFERENCES] WHERE [Mat_Question_Id] = 262 AND [Gen_File_Id] = 3949 AND [Section_Ref] = 'AUD.B.1:'
DELETE FROM [dbo].[MATURITY_REFERENCES] WHERE [Mat_Question_Id] = 264 AND [Gen_File_Id] = 3949 AND [Section_Ref] = 'AUD.B.8:'
DELETE FROM [dbo].[MATURITY_REFERENCES] WHERE [Mat_Question_Id] = 264 AND [Gen_File_Id] = 3949 AND [Section_Ref] = 'AUD.WP.I.7.1:'
DELETE FROM [dbo].[MATURITY_REFERENCES] WHERE [Mat_Question_Id] = 1838 AND [Gen_File_Id] = 2568 AND [Section_Ref] = 'CA-9'
DELETE FROM [dbo].[MATURITY_REFERENCES] WHERE [Mat_Question_Id] = 3277 AND [Gen_File_Id] = 2568 AND [Section_Ref] = 'SC-44'
DELETE FROM [dbo].[MATURITY_REFERENCES] WHERE [Mat_Question_Id] = 3304 AND [Gen_File_Id] = 3866 AND [Section_Ref] = 'PR. IP-7'
DELETE FROM [dbo].[MATURITY_REFERENCES] WHERE [Mat_Question_Id] = 3366 AND [Gen_File_Id] = 2568 AND [Section_Ref] = 'SI-17'
DELETE FROM [dbo].[MATURITY_REFERENCES] WHERE [Mat_Question_Id] = 3415 AND [Gen_File_Id] = 5015 AND [Section_Ref] = 'Page E-2'
PRINT(N'Operation applied to 9 rows out of 9')

PRINT(N'Add rows to [dbo].[GEN_FILE]')
SET IDENTITY_INSERT [dbo].[GEN_FILE] ON
INSERT INTO [dbo].[GEN_FILE] ([Gen_File_Id], [File_Type_Id], [File_Name], [Title], [Name], [File_Size], [Doc_Num], [Comments], [Description], [Short_Name], [Publish_Date], [Doc_Version], [Summary], [Source_Type], [Data], [Is_Uploaded]) VALUES (6079, 31, 'CMMC_AG_Level1_V2.0_Final_20211210.pdf', 'CMMC Assessment Guide Level 1 Version 2.0 December 2021', NULL, NULL, 'NONE', NULL, NULL, 'CMMC Assessment Guide Level 1 Version 2.0 December 2021', NULL, NULL, NULL, NULL, NULL, 0)
INSERT INTO [dbo].[GEN_FILE] ([Gen_File_Id], [File_Type_Id], [File_Name], [Title], [Name], [File_Size], [Doc_Num], [Comments], [Description], [Short_Name], [Publish_Date], [Doc_Version], [Summary], [Source_Type], [Data], [Is_Uploaded]) VALUES (6080, 31, 'CMMC_AG_Level2_MasterV2.0_FINAL_202112016.pdf', 'CMMC Assessment Guide Level 2 Version 2.0 December 2021', NULL, NULL, 'NONE', NULL, NULL, 'CMMC Assessment Guide Level 2 Version 2.0 December 2021', NULL, NULL, NULL, NULL, NULL, 0)
INSERT INTO [dbo].[GEN_FILE] ([Gen_File_Id], [File_Type_Id], [File_Name], [Title], [Name], [File_Size], [Doc_Num], [Comments], [Description], [Short_Name], [Publish_Date], [Doc_Version], [Summary], [Source_Type], [Data], [Is_Uploaded]) VALUES (6081, 40, 'CMMCModel_V2_Mapping.xlsx', 'CMMC Mapping Version 2.0 December 2021', NULL, NULL, 'NONE', NULL, NULL, 'CMMC Mapping Version 2.0 December 2021', NULL, NULL, NULL, NULL, NULL, 0)
INSERT INTO [dbo].[GEN_FILE] ([Gen_File_Id], [File_Type_Id], [File_Name], [Title], [Name], [File_Size], [Doc_Num], [Comments], [Description], [Short_Name], [Publish_Date], [Doc_Version], [Summary], [Source_Type], [Data], [Is_Uploaded]) VALUES (6082, 31, 'CMMC_Glossary_MasterV2.0_FINAL_202111217.pdf', 'CMMC Glossary Version 2.0 December 2021', NULL, NULL, 'NONE', NULL, NULL, 'CMMC Glossary Version 2.0 December 2021', NULL, NULL, NULL, NULL, NULL, 0)
INSERT INTO [dbo].[GEN_FILE] ([Gen_File_Id], [File_Type_Id], [File_Name], [Title], [Name], [File_Size], [Doc_Num], [Comments], [Description], [Short_Name], [Publish_Date], [Doc_Version], [Summary], [Source_Type], [Data], [Is_Uploaded]) VALUES (6083, 31, 'CMMC_ModelOverview_V2.0_FINAL2_20211203.pdf', 'CMMC Model Overview Version 2.0 December 2021', NULL, NULL, 'NONE', NULL, NULL, 'CMMC Model Overview Version 2.0 December 2021', NULL, NULL, NULL, NULL, NULL, 0)
INSERT INTO [dbo].[GEN_FILE] ([Gen_File_Id], [File_Type_Id], [File_Name], [Title], [Name], [File_Size], [Doc_Num], [Comments], [Description], [Short_Name], [Publish_Date], [Doc_Version], [Summary], [Source_Type], [Data], [Is_Uploaded]) VALUES (6084, 31, 'CMMC_Scope_Level1_V2.0_FINAL_20211203.pdf', 'CMMC Self-Assessment Scope Level 1 Version 2.0 December 2021', NULL, NULL, 'NONE', NULL, NULL, 'CMMC Self-Assessment Scope Level 1 Version 2.0 December 2021', NULL, NULL, NULL, NULL, NULL, 0)
INSERT INTO [dbo].[GEN_FILE] ([Gen_File_Id], [File_Type_Id], [File_Name], [Title], [Name], [File_Size], [Doc_Num], [Comments], [Description], [Short_Name], [Publish_Date], [Doc_Version], [Summary], [Source_Type], [Data], [Is_Uploaded]) VALUES (6085, 31, 'CMMC_Scope_Level2_V2.0_FINAL_20211203.pdf', 'CMMC Self-Assessment Scope Level 2 Version 2.0 December 2021', NULL, NULL, 'NONE', NULL, NULL, 'CMMC Self-Assessment Scope Level 2 Version 2.0 December 2021', NULL, NULL, NULL, NULL, NULL, 0)
SET IDENTITY_INSERT [dbo].[GEN_FILE] OFF
PRINT(N'Operation applied to 7 rows out of 7')

PRINT(N'Add rows to [dbo].[GEN_FILE_LIB_PATH_CORL]')
INSERT INTO [dbo].[GEN_FILE_LIB_PATH_CORL] ([Gen_File_Id], [Lib_Path_Id]) VALUES (3953, 495)
INSERT INTO [dbo].[GEN_FILE_LIB_PATH_CORL] ([Gen_File_Id], [Lib_Path_Id]) VALUES (3957, 495)
INSERT INTO [dbo].[GEN_FILE_LIB_PATH_CORL] ([Gen_File_Id], [Lib_Path_Id]) VALUES (4988, 569)
INSERT INTO [dbo].[GEN_FILE_LIB_PATH_CORL] ([Gen_File_Id], [Lib_Path_Id]) VALUES (5001, 569)
INSERT INTO [dbo].[GEN_FILE_LIB_PATH_CORL] ([Gen_File_Id], [Lib_Path_Id]) VALUES (5019, 570)
INSERT INTO [dbo].[GEN_FILE_LIB_PATH_CORL] ([Gen_File_Id], [Lib_Path_Id]) VALUES (5020, 570)
INSERT INTO [dbo].[GEN_FILE_LIB_PATH_CORL] ([Gen_File_Id], [Lib_Path_Id]) VALUES (5022, 570)
INSERT INTO [dbo].[GEN_FILE_LIB_PATH_CORL] ([Gen_File_Id], [Lib_Path_Id]) VALUES (5025, 501)
INSERT INTO [dbo].[GEN_FILE_LIB_PATH_CORL] ([Gen_File_Id], [Lib_Path_Id]) VALUES (5054, 570)
INSERT INTO [dbo].[GEN_FILE_LIB_PATH_CORL] ([Gen_File_Id], [Lib_Path_Id]) VALUES (5063, 501)
INSERT INTO [dbo].[GEN_FILE_LIB_PATH_CORL] ([Gen_File_Id], [Lib_Path_Id]) VALUES (5066, 569)
INSERT INTO [dbo].[GEN_FILE_LIB_PATH_CORL] ([Gen_File_Id], [Lib_Path_Id]) VALUES (5067, 501)
INSERT INTO [dbo].[GEN_FILE_LIB_PATH_CORL] ([Gen_File_Id], [Lib_Path_Id]) VALUES (6069, 508)
INSERT INTO [dbo].[GEN_FILE_LIB_PATH_CORL] ([Gen_File_Id], [Lib_Path_Id]) VALUES (6070, 508)
INSERT INTO [dbo].[GEN_FILE_LIB_PATH_CORL] ([Gen_File_Id], [Lib_Path_Id]) VALUES (6075, 495)
INSERT INTO [dbo].[GEN_FILE_LIB_PATH_CORL] ([Gen_File_Id], [Lib_Path_Id]) VALUES (6078, 495)
INSERT INTO [dbo].[GEN_FILE_LIB_PATH_CORL] ([Gen_File_Id], [Lib_Path_Id]) VALUES (6079, 55)
INSERT INTO [dbo].[GEN_FILE_LIB_PATH_CORL] ([Gen_File_Id], [Lib_Path_Id]) VALUES (6080, 55)
INSERT INTO [dbo].[GEN_FILE_LIB_PATH_CORL] ([Gen_File_Id], [Lib_Path_Id]) VALUES (6081, 55)
INSERT INTO [dbo].[GEN_FILE_LIB_PATH_CORL] ([Gen_File_Id], [Lib_Path_Id]) VALUES (6082, 55)
INSERT INTO [dbo].[GEN_FILE_LIB_PATH_CORL] ([Gen_File_Id], [Lib_Path_Id]) VALUES (6083, 55)
INSERT INTO [dbo].[GEN_FILE_LIB_PATH_CORL] ([Gen_File_Id], [Lib_Path_Id]) VALUES (6084, 55)
INSERT INTO [dbo].[GEN_FILE_LIB_PATH_CORL] ([Gen_File_Id], [Lib_Path_Id]) VALUES (6085, 55)
PRINT(N'Operation applied to 23 rows out of 23')

PRINT(N'Add rows to [dbo].[MATURITY_REFERENCES]')
INSERT INTO [dbo].[MATURITY_REFERENCES] ([Mat_Question_Id], [Gen_File_Id], [Section_Ref], [Page_Number], [Destination_String]) VALUES (3304, 3866, 'PR.IP-7', NULL, NULL)
INSERT INTO [dbo].[MATURITY_REFERENCES] ([Mat_Question_Id], [Gen_File_Id], [Section_Ref], [Page_Number], [Destination_String]) VALUES (3415, 5015, '', NULL, NULL)
INSERT INTO [dbo].[MATURITY_REFERENCES] ([Mat_Question_Id], [Gen_File_Id], [Section_Ref], [Page_Number], [Destination_String]) VALUES (4785, 6079, '', NULL, NULL)
INSERT INTO [dbo].[MATURITY_REFERENCES] ([Mat_Question_Id], [Gen_File_Id], [Section_Ref], [Page_Number], [Destination_String]) VALUES (4785, 6080, '', NULL, NULL)
INSERT INTO [dbo].[MATURITY_REFERENCES] ([Mat_Question_Id], [Gen_File_Id], [Section_Ref], [Page_Number], [Destination_String]) VALUES (4785, 6081, '', NULL, NULL)
INSERT INTO [dbo].[MATURITY_REFERENCES] ([Mat_Question_Id], [Gen_File_Id], [Section_Ref], [Page_Number], [Destination_String]) VALUES (4785, 6082, '', NULL, NULL)
INSERT INTO [dbo].[MATURITY_REFERENCES] ([Mat_Question_Id], [Gen_File_Id], [Section_Ref], [Page_Number], [Destination_String]) VALUES (4785, 6083, '', NULL, NULL)
INSERT INTO [dbo].[MATURITY_REFERENCES] ([Mat_Question_Id], [Gen_File_Id], [Section_Ref], [Page_Number], [Destination_String]) VALUES (4785, 6084, '', NULL, NULL)
INSERT INTO [dbo].[MATURITY_REFERENCES] ([Mat_Question_Id], [Gen_File_Id], [Section_Ref], [Page_Number], [Destination_String]) VALUES (4785, 6085, '', NULL, NULL)
INSERT INTO [dbo].[MATURITY_REFERENCES] ([Mat_Question_Id], [Gen_File_Id], [Section_Ref], [Page_Number], [Destination_String]) VALUES (4786, 6079, '', NULL, NULL)
INSERT INTO [dbo].[MATURITY_REFERENCES] ([Mat_Question_Id], [Gen_File_Id], [Section_Ref], [Page_Number], [Destination_String]) VALUES (4786, 6080, '', NULL, NULL)
INSERT INTO [dbo].[MATURITY_REFERENCES] ([Mat_Question_Id], [Gen_File_Id], [Section_Ref], [Page_Number], [Destination_String]) VALUES (4786, 6081, '', NULL, NULL)
INSERT INTO [dbo].[MATURITY_REFERENCES] ([Mat_Question_Id], [Gen_File_Id], [Section_Ref], [Page_Number], [Destination_String]) VALUES (4786, 6082, '', NULL, NULL)
INSERT INTO [dbo].[MATURITY_REFERENCES] ([Mat_Question_Id], [Gen_File_Id], [Section_Ref], [Page_Number], [Destination_String]) VALUES (4786, 6083, '', NULL, NULL)
INSERT INTO [dbo].[MATURITY_REFERENCES] ([Mat_Question_Id], [Gen_File_Id], [Section_Ref], [Page_Number], [Destination_String]) VALUES (4786, 6084, '', NULL, NULL)
INSERT INTO [dbo].[MATURITY_REFERENCES] ([Mat_Question_Id], [Gen_File_Id], [Section_Ref], [Page_Number], [Destination_String]) VALUES (4786, 6085, '', NULL, NULL)
INSERT INTO [dbo].[MATURITY_REFERENCES] ([Mat_Question_Id], [Gen_File_Id], [Section_Ref], [Page_Number], [Destination_String]) VALUES (4788, 6079, '', NULL, NULL)
INSERT INTO [dbo].[MATURITY_REFERENCES] ([Mat_Question_Id], [Gen_File_Id], [Section_Ref], [Page_Number], [Destination_String]) VALUES (4788, 6080, '', NULL, NULL)
INSERT INTO [dbo].[MATURITY_REFERENCES] ([Mat_Question_Id], [Gen_File_Id], [Section_Ref], [Page_Number], [Destination_String]) VALUES (4788, 6081, '', NULL, NULL)
INSERT INTO [dbo].[MATURITY_REFERENCES] ([Mat_Question_Id], [Gen_File_Id], [Section_Ref], [Page_Number], [Destination_String]) VALUES (4788, 6082, '', NULL, NULL)
INSERT INTO [dbo].[MATURITY_REFERENCES] ([Mat_Question_Id], [Gen_File_Id], [Section_Ref], [Page_Number], [Destination_String]) VALUES (4788, 6083, '', NULL, NULL)
INSERT INTO [dbo].[MATURITY_REFERENCES] ([Mat_Question_Id], [Gen_File_Id], [Section_Ref], [Page_Number], [Destination_String]) VALUES (4788, 6084, '', NULL, NULL)
INSERT INTO [dbo].[MATURITY_REFERENCES] ([Mat_Question_Id], [Gen_File_Id], [Section_Ref], [Page_Number], [Destination_String]) VALUES (4788, 6085, '', NULL, NULL)
INSERT INTO [dbo].[MATURITY_REFERENCES] ([Mat_Question_Id], [Gen_File_Id], [Section_Ref], [Page_Number], [Destination_String]) VALUES (4790, 6079, '', NULL, NULL)
INSERT INTO [dbo].[MATURITY_REFERENCES] ([Mat_Question_Id], [Gen_File_Id], [Section_Ref], [Page_Number], [Destination_String]) VALUES (4790, 6080, '', NULL, NULL)
INSERT INTO [dbo].[MATURITY_REFERENCES] ([Mat_Question_Id], [Gen_File_Id], [Section_Ref], [Page_Number], [Destination_String]) VALUES (4790, 6081, '', NULL, NULL)
INSERT INTO [dbo].[MATURITY_REFERENCES] ([Mat_Question_Id], [Gen_File_Id], [Section_Ref], [Page_Number], [Destination_String]) VALUES (4790, 6082, '', NULL, NULL)
INSERT INTO [dbo].[MATURITY_REFERENCES] ([Mat_Question_Id], [Gen_File_Id], [Section_Ref], [Page_Number], [Destination_String]) VALUES (4790, 6083, '', NULL, NULL)
INSERT INTO [dbo].[MATURITY_REFERENCES] ([Mat_Question_Id], [Gen_File_Id], [Section_Ref], [Page_Number], [Destination_String]) VALUES (4790, 6084, '', NULL, NULL)
INSERT INTO [dbo].[MATURITY_REFERENCES] ([Mat_Question_Id], [Gen_File_Id], [Section_Ref], [Page_Number], [Destination_String]) VALUES (4790, 6085, '', NULL, NULL)
INSERT INTO [dbo].[MATURITY_REFERENCES] ([Mat_Question_Id], [Gen_File_Id], [Section_Ref], [Page_Number], [Destination_String]) VALUES (4791, 6079, '', NULL, NULL)
INSERT INTO [dbo].[MATURITY_REFERENCES] ([Mat_Question_Id], [Gen_File_Id], [Section_Ref], [Page_Number], [Destination_String]) VALUES (4791, 6080, '', NULL, NULL)
INSERT INTO [dbo].[MATURITY_REFERENCES] ([Mat_Question_Id], [Gen_File_Id], [Section_Ref], [Page_Number], [Destination_String]) VALUES (4791, 6081, '', NULL, NULL)
INSERT INTO [dbo].[MATURITY_REFERENCES] ([Mat_Question_Id], [Gen_File_Id], [Section_Ref], [Page_Number], [Destination_String]) VALUES (4791, 6082, '', NULL, NULL)
INSERT INTO [dbo].[MATURITY_REFERENCES] ([Mat_Question_Id], [Gen_File_Id], [Section_Ref], [Page_Number], [Destination_String]) VALUES (4791, 6083, '', NULL, NULL)
INSERT INTO [dbo].[MATURITY_REFERENCES] ([Mat_Question_Id], [Gen_File_Id], [Section_Ref], [Page_Number], [Destination_String]) VALUES (4791, 6084, '', NULL, NULL)
INSERT INTO [dbo].[MATURITY_REFERENCES] ([Mat_Question_Id], [Gen_File_Id], [Section_Ref], [Page_Number], [Destination_String]) VALUES (4791, 6085, '', NULL, NULL)
INSERT INTO [dbo].[MATURITY_REFERENCES] ([Mat_Question_Id], [Gen_File_Id], [Section_Ref], [Page_Number], [Destination_String]) VALUES (4792, 6079, '', NULL, NULL)
INSERT INTO [dbo].[MATURITY_REFERENCES] ([Mat_Question_Id], [Gen_File_Id], [Section_Ref], [Page_Number], [Destination_String]) VALUES (4792, 6080, '', NULL, NULL)
INSERT INTO [dbo].[MATURITY_REFERENCES] ([Mat_Question_Id], [Gen_File_Id], [Section_Ref], [Page_Number], [Destination_String]) VALUES (4792, 6081, '', NULL, NULL)
INSERT INTO [dbo].[MATURITY_REFERENCES] ([Mat_Question_Id], [Gen_File_Id], [Section_Ref], [Page_Number], [Destination_String]) VALUES (4792, 6082, '', NULL, NULL)
INSERT INTO [dbo].[MATURITY_REFERENCES] ([Mat_Question_Id], [Gen_File_Id], [Section_Ref], [Page_Number], [Destination_String]) VALUES (4792, 6083, '', NULL, NULL)
INSERT INTO [dbo].[MATURITY_REFERENCES] ([Mat_Question_Id], [Gen_File_Id], [Section_Ref], [Page_Number], [Destination_String]) VALUES (4792, 6084, '', NULL, NULL)
INSERT INTO [dbo].[MATURITY_REFERENCES] ([Mat_Question_Id], [Gen_File_Id], [Section_Ref], [Page_Number], [Destination_String]) VALUES (4792, 6085, '', NULL, NULL)
INSERT INTO [dbo].[MATURITY_REFERENCES] ([Mat_Question_Id], [Gen_File_Id], [Section_Ref], [Page_Number], [Destination_String]) VALUES (4793, 6079, '', NULL, NULL)
INSERT INTO [dbo].[MATURITY_REFERENCES] ([Mat_Question_Id], [Gen_File_Id], [Section_Ref], [Page_Number], [Destination_String]) VALUES (4793, 6080, '', NULL, NULL)
INSERT INTO [dbo].[MATURITY_REFERENCES] ([Mat_Question_Id], [Gen_File_Id], [Section_Ref], [Page_Number], [Destination_String]) VALUES (4793, 6081, '', NULL, NULL)
INSERT INTO [dbo].[MATURITY_REFERENCES] ([Mat_Question_Id], [Gen_File_Id], [Section_Ref], [Page_Number], [Destination_String]) VALUES (4793, 6082, '', NULL, NULL)
INSERT INTO [dbo].[MATURITY_REFERENCES] ([Mat_Question_Id], [Gen_File_Id], [Section_Ref], [Page_Number], [Destination_String]) VALUES (4793, 6083, '', NULL, NULL)
INSERT INTO [dbo].[MATURITY_REFERENCES] ([Mat_Question_Id], [Gen_File_Id], [Section_Ref], [Page_Number], [Destination_String]) VALUES (4793, 6084, '', NULL, NULL)
INSERT INTO [dbo].[MATURITY_REFERENCES] ([Mat_Question_Id], [Gen_File_Id], [Section_Ref], [Page_Number], [Destination_String]) VALUES (4793, 6085, '', NULL, NULL)
INSERT INTO [dbo].[MATURITY_REFERENCES] ([Mat_Question_Id], [Gen_File_Id], [Section_Ref], [Page_Number], [Destination_String]) VALUES (4794, 6079, '', NULL, NULL)
INSERT INTO [dbo].[MATURITY_REFERENCES] ([Mat_Question_Id], [Gen_File_Id], [Section_Ref], [Page_Number], [Destination_String]) VALUES (4794, 6080, '', NULL, NULL)
INSERT INTO [dbo].[MATURITY_REFERENCES] ([Mat_Question_Id], [Gen_File_Id], [Section_Ref], [Page_Number], [Destination_String]) VALUES (4794, 6081, '', NULL, NULL)
INSERT INTO [dbo].[MATURITY_REFERENCES] ([Mat_Question_Id], [Gen_File_Id], [Section_Ref], [Page_Number], [Destination_String]) VALUES (4794, 6082, '', NULL, NULL)
INSERT INTO [dbo].[MATURITY_REFERENCES] ([Mat_Question_Id], [Gen_File_Id], [Section_Ref], [Page_Number], [Destination_String]) VALUES (4794, 6083, '', NULL, NULL)
INSERT INTO [dbo].[MATURITY_REFERENCES] ([Mat_Question_Id], [Gen_File_Id], [Section_Ref], [Page_Number], [Destination_String]) VALUES (4794, 6084, '', NULL, NULL)
INSERT INTO [dbo].[MATURITY_REFERENCES] ([Mat_Question_Id], [Gen_File_Id], [Section_Ref], [Page_Number], [Destination_String]) VALUES (4794, 6085, '', NULL, NULL)
INSERT INTO [dbo].[MATURITY_REFERENCES] ([Mat_Question_Id], [Gen_File_Id], [Section_Ref], [Page_Number], [Destination_String]) VALUES (4795, 6079, '', NULL, NULL)
INSERT INTO [dbo].[MATURITY_REFERENCES] ([Mat_Question_Id], [Gen_File_Id], [Section_Ref], [Page_Number], [Destination_String]) VALUES (4795, 6080, '', NULL, NULL)
INSERT INTO [dbo].[MATURITY_REFERENCES] ([Mat_Question_Id], [Gen_File_Id], [Section_Ref], [Page_Number], [Destination_String]) VALUES (4795, 6081, '', NULL, NULL)
INSERT INTO [dbo].[MATURITY_REFERENCES] ([Mat_Question_Id], [Gen_File_Id], [Section_Ref], [Page_Number], [Destination_String]) VALUES (4795, 6082, '', NULL, NULL)
INSERT INTO [dbo].[MATURITY_REFERENCES] ([Mat_Question_Id], [Gen_File_Id], [Section_Ref], [Page_Number], [Destination_String]) VALUES (4795, 6083, '', NULL, NULL)
INSERT INTO [dbo].[MATURITY_REFERENCES] ([Mat_Question_Id], [Gen_File_Id], [Section_Ref], [Page_Number], [Destination_String]) VALUES (4795, 6084, '', NULL, NULL)
INSERT INTO [dbo].[MATURITY_REFERENCES] ([Mat_Question_Id], [Gen_File_Id], [Section_Ref], [Page_Number], [Destination_String]) VALUES (4795, 6085, '', NULL, NULL)
INSERT INTO [dbo].[MATURITY_REFERENCES] ([Mat_Question_Id], [Gen_File_Id], [Section_Ref], [Page_Number], [Destination_String]) VALUES (4796, 6079, '', NULL, NULL)
INSERT INTO [dbo].[MATURITY_REFERENCES] ([Mat_Question_Id], [Gen_File_Id], [Section_Ref], [Page_Number], [Destination_String]) VALUES (4796, 6080, '', NULL, NULL)
INSERT INTO [dbo].[MATURITY_REFERENCES] ([Mat_Question_Id], [Gen_File_Id], [Section_Ref], [Page_Number], [Destination_String]) VALUES (4796, 6081, '', NULL, NULL)
INSERT INTO [dbo].[MATURITY_REFERENCES] ([Mat_Question_Id], [Gen_File_Id], [Section_Ref], [Page_Number], [Destination_String]) VALUES (4796, 6082, '', NULL, NULL)
INSERT INTO [dbo].[MATURITY_REFERENCES] ([Mat_Question_Id], [Gen_File_Id], [Section_Ref], [Page_Number], [Destination_String]) VALUES (4796, 6083, '', NULL, NULL)
INSERT INTO [dbo].[MATURITY_REFERENCES] ([Mat_Question_Id], [Gen_File_Id], [Section_Ref], [Page_Number], [Destination_String]) VALUES (4796, 6084, '', NULL, NULL)
INSERT INTO [dbo].[MATURITY_REFERENCES] ([Mat_Question_Id], [Gen_File_Id], [Section_Ref], [Page_Number], [Destination_String]) VALUES (4796, 6085, '', NULL, NULL)
INSERT INTO [dbo].[MATURITY_REFERENCES] ([Mat_Question_Id], [Gen_File_Id], [Section_Ref], [Page_Number], [Destination_String]) VALUES (4797, 6079, '', NULL, NULL)
INSERT INTO [dbo].[MATURITY_REFERENCES] ([Mat_Question_Id], [Gen_File_Id], [Section_Ref], [Page_Number], [Destination_String]) VALUES (4797, 6080, '', NULL, NULL)
INSERT INTO [dbo].[MATURITY_REFERENCES] ([Mat_Question_Id], [Gen_File_Id], [Section_Ref], [Page_Number], [Destination_String]) VALUES (4797, 6081, '', NULL, NULL)
INSERT INTO [dbo].[MATURITY_REFERENCES] ([Mat_Question_Id], [Gen_File_Id], [Section_Ref], [Page_Number], [Destination_String]) VALUES (4797, 6082, '', NULL, NULL)
INSERT INTO [dbo].[MATURITY_REFERENCES] ([Mat_Question_Id], [Gen_File_Id], [Section_Ref], [Page_Number], [Destination_String]) VALUES (4797, 6083, '', NULL, NULL)
INSERT INTO [dbo].[MATURITY_REFERENCES] ([Mat_Question_Id], [Gen_File_Id], [Section_Ref], [Page_Number], [Destination_String]) VALUES (4797, 6084, '', NULL, NULL)
INSERT INTO [dbo].[MATURITY_REFERENCES] ([Mat_Question_Id], [Gen_File_Id], [Section_Ref], [Page_Number], [Destination_String]) VALUES (4797, 6085, '', NULL, NULL)
INSERT INTO [dbo].[MATURITY_REFERENCES] ([Mat_Question_Id], [Gen_File_Id], [Section_Ref], [Page_Number], [Destination_String]) VALUES (4798, 6079, '', NULL, NULL)
INSERT INTO [dbo].[MATURITY_REFERENCES] ([Mat_Question_Id], [Gen_File_Id], [Section_Ref], [Page_Number], [Destination_String]) VALUES (4798, 6080, '', NULL, NULL)
INSERT INTO [dbo].[MATURITY_REFERENCES] ([Mat_Question_Id], [Gen_File_Id], [Section_Ref], [Page_Number], [Destination_String]) VALUES (4798, 6081, '', NULL, NULL)
INSERT INTO [dbo].[MATURITY_REFERENCES] ([Mat_Question_Id], [Gen_File_Id], [Section_Ref], [Page_Number], [Destination_String]) VALUES (4798, 6082, '', NULL, NULL)
INSERT INTO [dbo].[MATURITY_REFERENCES] ([Mat_Question_Id], [Gen_File_Id], [Section_Ref], [Page_Number], [Destination_String]) VALUES (4798, 6083, '', NULL, NULL)
INSERT INTO [dbo].[MATURITY_REFERENCES] ([Mat_Question_Id], [Gen_File_Id], [Section_Ref], [Page_Number], [Destination_String]) VALUES (4798, 6084, '', NULL, NULL)
INSERT INTO [dbo].[MATURITY_REFERENCES] ([Mat_Question_Id], [Gen_File_Id], [Section_Ref], [Page_Number], [Destination_String]) VALUES (4798, 6085, '', NULL, NULL)
INSERT INTO [dbo].[MATURITY_REFERENCES] ([Mat_Question_Id], [Gen_File_Id], [Section_Ref], [Page_Number], [Destination_String]) VALUES (4799, 6079, '', NULL, NULL)
INSERT INTO [dbo].[MATURITY_REFERENCES] ([Mat_Question_Id], [Gen_File_Id], [Section_Ref], [Page_Number], [Destination_String]) VALUES (4799, 6080, '', NULL, NULL)
INSERT INTO [dbo].[MATURITY_REFERENCES] ([Mat_Question_Id], [Gen_File_Id], [Section_Ref], [Page_Number], [Destination_String]) VALUES (4799, 6081, '', NULL, NULL)
INSERT INTO [dbo].[MATURITY_REFERENCES] ([Mat_Question_Id], [Gen_File_Id], [Section_Ref], [Page_Number], [Destination_String]) VALUES (4799, 6082, '', NULL, NULL)
INSERT INTO [dbo].[MATURITY_REFERENCES] ([Mat_Question_Id], [Gen_File_Id], [Section_Ref], [Page_Number], [Destination_String]) VALUES (4799, 6083, '', NULL, NULL)
INSERT INTO [dbo].[MATURITY_REFERENCES] ([Mat_Question_Id], [Gen_File_Id], [Section_Ref], [Page_Number], [Destination_String]) VALUES (4799, 6084, '', NULL, NULL)
INSERT INTO [dbo].[MATURITY_REFERENCES] ([Mat_Question_Id], [Gen_File_Id], [Section_Ref], [Page_Number], [Destination_String]) VALUES (4799, 6085, '', NULL, NULL)
INSERT INTO [dbo].[MATURITY_REFERENCES] ([Mat_Question_Id], [Gen_File_Id], [Section_Ref], [Page_Number], [Destination_String]) VALUES (4800, 6079, '', NULL, NULL)
INSERT INTO [dbo].[MATURITY_REFERENCES] ([Mat_Question_Id], [Gen_File_Id], [Section_Ref], [Page_Number], [Destination_String]) VALUES (4800, 6080, '', NULL, NULL)
INSERT INTO [dbo].[MATURITY_REFERENCES] ([Mat_Question_Id], [Gen_File_Id], [Section_Ref], [Page_Number], [Destination_String]) VALUES (4800, 6081, '', NULL, NULL)
INSERT INTO [dbo].[MATURITY_REFERENCES] ([Mat_Question_Id], [Gen_File_Id], [Section_Ref], [Page_Number], [Destination_String]) VALUES (4800, 6082, '', NULL, NULL)
INSERT INTO [dbo].[MATURITY_REFERENCES] ([Mat_Question_Id], [Gen_File_Id], [Section_Ref], [Page_Number], [Destination_String]) VALUES (4800, 6083, '', NULL, NULL)
INSERT INTO [dbo].[MATURITY_REFERENCES] ([Mat_Question_Id], [Gen_File_Id], [Section_Ref], [Page_Number], [Destination_String]) VALUES (4800, 6084, '', NULL, NULL)
INSERT INTO [dbo].[MATURITY_REFERENCES] ([Mat_Question_Id], [Gen_File_Id], [Section_Ref], [Page_Number], [Destination_String]) VALUES (4800, 6085, '', NULL, NULL)
INSERT INTO [dbo].[MATURITY_REFERENCES] ([Mat_Question_Id], [Gen_File_Id], [Section_Ref], [Page_Number], [Destination_String]) VALUES (4801, 6079, '', NULL, NULL)
INSERT INTO [dbo].[MATURITY_REFERENCES] ([Mat_Question_Id], [Gen_File_Id], [Section_Ref], [Page_Number], [Destination_String]) VALUES (4801, 6080, '', NULL, NULL)
INSERT INTO [dbo].[MATURITY_REFERENCES] ([Mat_Question_Id], [Gen_File_Id], [Section_Ref], [Page_Number], [Destination_String]) VALUES (4801, 6081, '', NULL, NULL)
INSERT INTO [dbo].[MATURITY_REFERENCES] ([Mat_Question_Id], [Gen_File_Id], [Section_Ref], [Page_Number], [Destination_String]) VALUES (4801, 6082, '', NULL, NULL)
INSERT INTO [dbo].[MATURITY_REFERENCES] ([Mat_Question_Id], [Gen_File_Id], [Section_Ref], [Page_Number], [Destination_String]) VALUES (4801, 6083, '', NULL, NULL)
INSERT INTO [dbo].[MATURITY_REFERENCES] ([Mat_Question_Id], [Gen_File_Id], [Section_Ref], [Page_Number], [Destination_String]) VALUES (4801, 6084, '', NULL, NULL)
INSERT INTO [dbo].[MATURITY_REFERENCES] ([Mat_Question_Id], [Gen_File_Id], [Section_Ref], [Page_Number], [Destination_String]) VALUES (4801, 6085, '', NULL, NULL)
INSERT INTO [dbo].[MATURITY_REFERENCES] ([Mat_Question_Id], [Gen_File_Id], [Section_Ref], [Page_Number], [Destination_String]) VALUES (4802, 6079, '', NULL, NULL)
INSERT INTO [dbo].[MATURITY_REFERENCES] ([Mat_Question_Id], [Gen_File_Id], [Section_Ref], [Page_Number], [Destination_String]) VALUES (4802, 6080, '', NULL, NULL)
INSERT INTO [dbo].[MATURITY_REFERENCES] ([Mat_Question_Id], [Gen_File_Id], [Section_Ref], [Page_Number], [Destination_String]) VALUES (4802, 6081, '', NULL, NULL)
INSERT INTO [dbo].[MATURITY_REFERENCES] ([Mat_Question_Id], [Gen_File_Id], [Section_Ref], [Page_Number], [Destination_String]) VALUES (4802, 6082, '', NULL, NULL)
INSERT INTO [dbo].[MATURITY_REFERENCES] ([Mat_Question_Id], [Gen_File_Id], [Section_Ref], [Page_Number], [Destination_String]) VALUES (4802, 6083, '', NULL, NULL)
INSERT INTO [dbo].[MATURITY_REFERENCES] ([Mat_Question_Id], [Gen_File_Id], [Section_Ref], [Page_Number], [Destination_String]) VALUES (4802, 6084, '', NULL, NULL)
INSERT INTO [dbo].[MATURITY_REFERENCES] ([Mat_Question_Id], [Gen_File_Id], [Section_Ref], [Page_Number], [Destination_String]) VALUES (4802, 6085, '', NULL, NULL)
INSERT INTO [dbo].[MATURITY_REFERENCES] ([Mat_Question_Id], [Gen_File_Id], [Section_Ref], [Page_Number], [Destination_String]) VALUES (4803, 6079, '', NULL, NULL)
INSERT INTO [dbo].[MATURITY_REFERENCES] ([Mat_Question_Id], [Gen_File_Id], [Section_Ref], [Page_Number], [Destination_String]) VALUES (4803, 6080, '', NULL, NULL)
INSERT INTO [dbo].[MATURITY_REFERENCES] ([Mat_Question_Id], [Gen_File_Id], [Section_Ref], [Page_Number], [Destination_String]) VALUES (4803, 6081, '', NULL, NULL)
INSERT INTO [dbo].[MATURITY_REFERENCES] ([Mat_Question_Id], [Gen_File_Id], [Section_Ref], [Page_Number], [Destination_String]) VALUES (4803, 6082, '', NULL, NULL)
INSERT INTO [dbo].[MATURITY_REFERENCES] ([Mat_Question_Id], [Gen_File_Id], [Section_Ref], [Page_Number], [Destination_String]) VALUES (4803, 6083, '', NULL, NULL)
INSERT INTO [dbo].[MATURITY_REFERENCES] ([Mat_Question_Id], [Gen_File_Id], [Section_Ref], [Page_Number], [Destination_String]) VALUES (4803, 6084, '', NULL, NULL)
INSERT INTO [dbo].[MATURITY_REFERENCES] ([Mat_Question_Id], [Gen_File_Id], [Section_Ref], [Page_Number], [Destination_String]) VALUES (4803, 6085, '', NULL, NULL)
INSERT INTO [dbo].[MATURITY_REFERENCES] ([Mat_Question_Id], [Gen_File_Id], [Section_Ref], [Page_Number], [Destination_String]) VALUES (4804, 6079, '', NULL, NULL)
INSERT INTO [dbo].[MATURITY_REFERENCES] ([Mat_Question_Id], [Gen_File_Id], [Section_Ref], [Page_Number], [Destination_String]) VALUES (4804, 6080, '', NULL, NULL)
INSERT INTO [dbo].[MATURITY_REFERENCES] ([Mat_Question_Id], [Gen_File_Id], [Section_Ref], [Page_Number], [Destination_String]) VALUES (4804, 6081, '', NULL, NULL)
INSERT INTO [dbo].[MATURITY_REFERENCES] ([Mat_Question_Id], [Gen_File_Id], [Section_Ref], [Page_Number], [Destination_String]) VALUES (4804, 6082, '', NULL, NULL)
INSERT INTO [dbo].[MATURITY_REFERENCES] ([Mat_Question_Id], [Gen_File_Id], [Section_Ref], [Page_Number], [Destination_String]) VALUES (4804, 6083, '', NULL, NULL)
INSERT INTO [dbo].[MATURITY_REFERENCES] ([Mat_Question_Id], [Gen_File_Id], [Section_Ref], [Page_Number], [Destination_String]) VALUES (4804, 6084, '', NULL, NULL)
INSERT INTO [dbo].[MATURITY_REFERENCES] ([Mat_Question_Id], [Gen_File_Id], [Section_Ref], [Page_Number], [Destination_String]) VALUES (4804, 6085, '', NULL, NULL)
INSERT INTO [dbo].[MATURITY_REFERENCES] ([Mat_Question_Id], [Gen_File_Id], [Section_Ref], [Page_Number], [Destination_String]) VALUES (4805, 6079, '', NULL, NULL)
INSERT INTO [dbo].[MATURITY_REFERENCES] ([Mat_Question_Id], [Gen_File_Id], [Section_Ref], [Page_Number], [Destination_String]) VALUES (4805, 6080, '', NULL, NULL)
INSERT INTO [dbo].[MATURITY_REFERENCES] ([Mat_Question_Id], [Gen_File_Id], [Section_Ref], [Page_Number], [Destination_String]) VALUES (4805, 6081, '', NULL, NULL)
INSERT INTO [dbo].[MATURITY_REFERENCES] ([Mat_Question_Id], [Gen_File_Id], [Section_Ref], [Page_Number], [Destination_String]) VALUES (4805, 6082, '', NULL, NULL)
INSERT INTO [dbo].[MATURITY_REFERENCES] ([Mat_Question_Id], [Gen_File_Id], [Section_Ref], [Page_Number], [Destination_String]) VALUES (4805, 6083, '', NULL, NULL)
INSERT INTO [dbo].[MATURITY_REFERENCES] ([Mat_Question_Id], [Gen_File_Id], [Section_Ref], [Page_Number], [Destination_String]) VALUES (4805, 6084, '', NULL, NULL)
INSERT INTO [dbo].[MATURITY_REFERENCES] ([Mat_Question_Id], [Gen_File_Id], [Section_Ref], [Page_Number], [Destination_String]) VALUES (4805, 6085, '', NULL, NULL)
INSERT INTO [dbo].[MATURITY_REFERENCES] ([Mat_Question_Id], [Gen_File_Id], [Section_Ref], [Page_Number], [Destination_String]) VALUES (4806, 6079, '', NULL, NULL)
INSERT INTO [dbo].[MATURITY_REFERENCES] ([Mat_Question_Id], [Gen_File_Id], [Section_Ref], [Page_Number], [Destination_String]) VALUES (4806, 6080, '', NULL, NULL)
INSERT INTO [dbo].[MATURITY_REFERENCES] ([Mat_Question_Id], [Gen_File_Id], [Section_Ref], [Page_Number], [Destination_String]) VALUES (4806, 6081, '', NULL, NULL)
INSERT INTO [dbo].[MATURITY_REFERENCES] ([Mat_Question_Id], [Gen_File_Id], [Section_Ref], [Page_Number], [Destination_String]) VALUES (4806, 6082, '', NULL, NULL)
INSERT INTO [dbo].[MATURITY_REFERENCES] ([Mat_Question_Id], [Gen_File_Id], [Section_Ref], [Page_Number], [Destination_String]) VALUES (4806, 6083, '', NULL, NULL)
INSERT INTO [dbo].[MATURITY_REFERENCES] ([Mat_Question_Id], [Gen_File_Id], [Section_Ref], [Page_Number], [Destination_String]) VALUES (4806, 6084, '', NULL, NULL)
INSERT INTO [dbo].[MATURITY_REFERENCES] ([Mat_Question_Id], [Gen_File_Id], [Section_Ref], [Page_Number], [Destination_String]) VALUES (4806, 6085, '', NULL, NULL)
INSERT INTO [dbo].[MATURITY_REFERENCES] ([Mat_Question_Id], [Gen_File_Id], [Section_Ref], [Page_Number], [Destination_String]) VALUES (4807, 6079, '', NULL, NULL)
INSERT INTO [dbo].[MATURITY_REFERENCES] ([Mat_Question_Id], [Gen_File_Id], [Section_Ref], [Page_Number], [Destination_String]) VALUES (4807, 6080, '', NULL, NULL)
INSERT INTO [dbo].[MATURITY_REFERENCES] ([Mat_Question_Id], [Gen_File_Id], [Section_Ref], [Page_Number], [Destination_String]) VALUES (4807, 6081, '', NULL, NULL)
INSERT INTO [dbo].[MATURITY_REFERENCES] ([Mat_Question_Id], [Gen_File_Id], [Section_Ref], [Page_Number], [Destination_String]) VALUES (4807, 6082, '', NULL, NULL)
INSERT INTO [dbo].[MATURITY_REFERENCES] ([Mat_Question_Id], [Gen_File_Id], [Section_Ref], [Page_Number], [Destination_String]) VALUES (4807, 6083, '', NULL, NULL)
INSERT INTO [dbo].[MATURITY_REFERENCES] ([Mat_Question_Id], [Gen_File_Id], [Section_Ref], [Page_Number], [Destination_String]) VALUES (4807, 6084, '', NULL, NULL)
INSERT INTO [dbo].[MATURITY_REFERENCES] ([Mat_Question_Id], [Gen_File_Id], [Section_Ref], [Page_Number], [Destination_String]) VALUES (4807, 6085, '', NULL, NULL)
INSERT INTO [dbo].[MATURITY_REFERENCES] ([Mat_Question_Id], [Gen_File_Id], [Section_Ref], [Page_Number], [Destination_String]) VALUES (4808, 6079, '', NULL, NULL)
INSERT INTO [dbo].[MATURITY_REFERENCES] ([Mat_Question_Id], [Gen_File_Id], [Section_Ref], [Page_Number], [Destination_String]) VALUES (4808, 6080, '', NULL, NULL)
INSERT INTO [dbo].[MATURITY_REFERENCES] ([Mat_Question_Id], [Gen_File_Id], [Section_Ref], [Page_Number], [Destination_String]) VALUES (4808, 6081, '', NULL, NULL)
INSERT INTO [dbo].[MATURITY_REFERENCES] ([Mat_Question_Id], [Gen_File_Id], [Section_Ref], [Page_Number], [Destination_String]) VALUES (4808, 6082, '', NULL, NULL)
INSERT INTO [dbo].[MATURITY_REFERENCES] ([Mat_Question_Id], [Gen_File_Id], [Section_Ref], [Page_Number], [Destination_String]) VALUES (4808, 6083, '', NULL, NULL)
INSERT INTO [dbo].[MATURITY_REFERENCES] ([Mat_Question_Id], [Gen_File_Id], [Section_Ref], [Page_Number], [Destination_String]) VALUES (4808, 6084, '', NULL, NULL)
INSERT INTO [dbo].[MATURITY_REFERENCES] ([Mat_Question_Id], [Gen_File_Id], [Section_Ref], [Page_Number], [Destination_String]) VALUES (4808, 6085, '', NULL, NULL)
INSERT INTO [dbo].[MATURITY_REFERENCES] ([Mat_Question_Id], [Gen_File_Id], [Section_Ref], [Page_Number], [Destination_String]) VALUES (4809, 6079, '', NULL, NULL)
INSERT INTO [dbo].[MATURITY_REFERENCES] ([Mat_Question_Id], [Gen_File_Id], [Section_Ref], [Page_Number], [Destination_String]) VALUES (4809, 6080, '', NULL, NULL)
INSERT INTO [dbo].[MATURITY_REFERENCES] ([Mat_Question_Id], [Gen_File_Id], [Section_Ref], [Page_Number], [Destination_String]) VALUES (4809, 6081, '', NULL, NULL)
INSERT INTO [dbo].[MATURITY_REFERENCES] ([Mat_Question_Id], [Gen_File_Id], [Section_Ref], [Page_Number], [Destination_String]) VALUES (4809, 6082, '', NULL, NULL)
INSERT INTO [dbo].[MATURITY_REFERENCES] ([Mat_Question_Id], [Gen_File_Id], [Section_Ref], [Page_Number], [Destination_String]) VALUES (4809, 6083, '', NULL, NULL)
INSERT INTO [dbo].[MATURITY_REFERENCES] ([Mat_Question_Id], [Gen_File_Id], [Section_Ref], [Page_Number], [Destination_String]) VALUES (4809, 6084, '', NULL, NULL)
INSERT INTO [dbo].[MATURITY_REFERENCES] ([Mat_Question_Id], [Gen_File_Id], [Section_Ref], [Page_Number], [Destination_String]) VALUES (4809, 6085, '', NULL, NULL)
INSERT INTO [dbo].[MATURITY_REFERENCES] ([Mat_Question_Id], [Gen_File_Id], [Section_Ref], [Page_Number], [Destination_String]) VALUES (4810, 6079, '', NULL, NULL)
INSERT INTO [dbo].[MATURITY_REFERENCES] ([Mat_Question_Id], [Gen_File_Id], [Section_Ref], [Page_Number], [Destination_String]) VALUES (4810, 6080, '', NULL, NULL)
INSERT INTO [dbo].[MATURITY_REFERENCES] ([Mat_Question_Id], [Gen_File_Id], [Section_Ref], [Page_Number], [Destination_String]) VALUES (4810, 6081, '', NULL, NULL)
INSERT INTO [dbo].[MATURITY_REFERENCES] ([Mat_Question_Id], [Gen_File_Id], [Section_Ref], [Page_Number], [Destination_String]) VALUES (4810, 6082, '', NULL, NULL)
INSERT INTO [dbo].[MATURITY_REFERENCES] ([Mat_Question_Id], [Gen_File_Id], [Section_Ref], [Page_Number], [Destination_String]) VALUES (4810, 6083, '', NULL, NULL)
INSERT INTO [dbo].[MATURITY_REFERENCES] ([Mat_Question_Id], [Gen_File_Id], [Section_Ref], [Page_Number], [Destination_String]) VALUES (4810, 6084, '', NULL, NULL)
INSERT INTO [dbo].[MATURITY_REFERENCES] ([Mat_Question_Id], [Gen_File_Id], [Section_Ref], [Page_Number], [Destination_String]) VALUES (4810, 6085, '', NULL, NULL)
INSERT INTO [dbo].[MATURITY_REFERENCES] ([Mat_Question_Id], [Gen_File_Id], [Section_Ref], [Page_Number], [Destination_String]) VALUES (4811, 6079, '', NULL, NULL)
INSERT INTO [dbo].[MATURITY_REFERENCES] ([Mat_Question_Id], [Gen_File_Id], [Section_Ref], [Page_Number], [Destination_String]) VALUES (4811, 6080, '', NULL, NULL)
INSERT INTO [dbo].[MATURITY_REFERENCES] ([Mat_Question_Id], [Gen_File_Id], [Section_Ref], [Page_Number], [Destination_String]) VALUES (4811, 6081, '', NULL, NULL)
INSERT INTO [dbo].[MATURITY_REFERENCES] ([Mat_Question_Id], [Gen_File_Id], [Section_Ref], [Page_Number], [Destination_String]) VALUES (4811, 6082, '', NULL, NULL)
INSERT INTO [dbo].[MATURITY_REFERENCES] ([Mat_Question_Id], [Gen_File_Id], [Section_Ref], [Page_Number], [Destination_String]) VALUES (4811, 6083, '', NULL, NULL)
INSERT INTO [dbo].[MATURITY_REFERENCES] ([Mat_Question_Id], [Gen_File_Id], [Section_Ref], [Page_Number], [Destination_String]) VALUES (4811, 6084, '', NULL, NULL)
INSERT INTO [dbo].[MATURITY_REFERENCES] ([Mat_Question_Id], [Gen_File_Id], [Section_Ref], [Page_Number], [Destination_String]) VALUES (4811, 6085, '', NULL, NULL)
INSERT INTO [dbo].[MATURITY_REFERENCES] ([Mat_Question_Id], [Gen_File_Id], [Section_Ref], [Page_Number], [Destination_String]) VALUES (4812, 6079, '', NULL, NULL)
INSERT INTO [dbo].[MATURITY_REFERENCES] ([Mat_Question_Id], [Gen_File_Id], [Section_Ref], [Page_Number], [Destination_String]) VALUES (4812, 6080, '', NULL, NULL)
INSERT INTO [dbo].[MATURITY_REFERENCES] ([Mat_Question_Id], [Gen_File_Id], [Section_Ref], [Page_Number], [Destination_String]) VALUES (4812, 6081, '', NULL, NULL)
INSERT INTO [dbo].[MATURITY_REFERENCES] ([Mat_Question_Id], [Gen_File_Id], [Section_Ref], [Page_Number], [Destination_String]) VALUES (4812, 6082, '', NULL, NULL)
INSERT INTO [dbo].[MATURITY_REFERENCES] ([Mat_Question_Id], [Gen_File_Id], [Section_Ref], [Page_Number], [Destination_String]) VALUES (4812, 6083, '', NULL, NULL)
INSERT INTO [dbo].[MATURITY_REFERENCES] ([Mat_Question_Id], [Gen_File_Id], [Section_Ref], [Page_Number], [Destination_String]) VALUES (4812, 6084, '', NULL, NULL)
INSERT INTO [dbo].[MATURITY_REFERENCES] ([Mat_Question_Id], [Gen_File_Id], [Section_Ref], [Page_Number], [Destination_String]) VALUES (4812, 6085, '', NULL, NULL)
INSERT INTO [dbo].[MATURITY_REFERENCES] ([Mat_Question_Id], [Gen_File_Id], [Section_Ref], [Page_Number], [Destination_String]) VALUES (4813, 6079, '', NULL, NULL)
INSERT INTO [dbo].[MATURITY_REFERENCES] ([Mat_Question_Id], [Gen_File_Id], [Section_Ref], [Page_Number], [Destination_String]) VALUES (4813, 6080, '', NULL, NULL)
INSERT INTO [dbo].[MATURITY_REFERENCES] ([Mat_Question_Id], [Gen_File_Id], [Section_Ref], [Page_Number], [Destination_String]) VALUES (4813, 6081, '', NULL, NULL)
INSERT INTO [dbo].[MATURITY_REFERENCES] ([Mat_Question_Id], [Gen_File_Id], [Section_Ref], [Page_Number], [Destination_String]) VALUES (4813, 6082, '', NULL, NULL)
INSERT INTO [dbo].[MATURITY_REFERENCES] ([Mat_Question_Id], [Gen_File_Id], [Section_Ref], [Page_Number], [Destination_String]) VALUES (4813, 6083, '', NULL, NULL)
INSERT INTO [dbo].[MATURITY_REFERENCES] ([Mat_Question_Id], [Gen_File_Id], [Section_Ref], [Page_Number], [Destination_String]) VALUES (4813, 6084, '', NULL, NULL)
INSERT INTO [dbo].[MATURITY_REFERENCES] ([Mat_Question_Id], [Gen_File_Id], [Section_Ref], [Page_Number], [Destination_String]) VALUES (4813, 6085, '', NULL, NULL)
INSERT INTO [dbo].[MATURITY_REFERENCES] ([Mat_Question_Id], [Gen_File_Id], [Section_Ref], [Page_Number], [Destination_String]) VALUES (4814, 6079, '', NULL, NULL)
INSERT INTO [dbo].[MATURITY_REFERENCES] ([Mat_Question_Id], [Gen_File_Id], [Section_Ref], [Page_Number], [Destination_String]) VALUES (4814, 6080, '', NULL, NULL)
INSERT INTO [dbo].[MATURITY_REFERENCES] ([Mat_Question_Id], [Gen_File_Id], [Section_Ref], [Page_Number], [Destination_String]) VALUES (4814, 6081, '', NULL, NULL)
INSERT INTO [dbo].[MATURITY_REFERENCES] ([Mat_Question_Id], [Gen_File_Id], [Section_Ref], [Page_Number], [Destination_String]) VALUES (4814, 6082, '', NULL, NULL)
INSERT INTO [dbo].[MATURITY_REFERENCES] ([Mat_Question_Id], [Gen_File_Id], [Section_Ref], [Page_Number], [Destination_String]) VALUES (4814, 6083, '', NULL, NULL)
INSERT INTO [dbo].[MATURITY_REFERENCES] ([Mat_Question_Id], [Gen_File_Id], [Section_Ref], [Page_Number], [Destination_String]) VALUES (4814, 6084, '', NULL, NULL)
INSERT INTO [dbo].[MATURITY_REFERENCES] ([Mat_Question_Id], [Gen_File_Id], [Section_Ref], [Page_Number], [Destination_String]) VALUES (4814, 6085, '', NULL, NULL)
INSERT INTO [dbo].[MATURITY_REFERENCES] ([Mat_Question_Id], [Gen_File_Id], [Section_Ref], [Page_Number], [Destination_String]) VALUES (4815, 6079, '', NULL, NULL)
INSERT INTO [dbo].[MATURITY_REFERENCES] ([Mat_Question_Id], [Gen_File_Id], [Section_Ref], [Page_Number], [Destination_String]) VALUES (4815, 6080, '', NULL, NULL)
INSERT INTO [dbo].[MATURITY_REFERENCES] ([Mat_Question_Id], [Gen_File_Id], [Section_Ref], [Page_Number], [Destination_String]) VALUES (4815, 6081, '', NULL, NULL)
INSERT INTO [dbo].[MATURITY_REFERENCES] ([Mat_Question_Id], [Gen_File_Id], [Section_Ref], [Page_Number], [Destination_String]) VALUES (4815, 6082, '', NULL, NULL)
INSERT INTO [dbo].[MATURITY_REFERENCES] ([Mat_Question_Id], [Gen_File_Id], [Section_Ref], [Page_Number], [Destination_String]) VALUES (4815, 6083, '', NULL, NULL)
INSERT INTO [dbo].[MATURITY_REFERENCES] ([Mat_Question_Id], [Gen_File_Id], [Section_Ref], [Page_Number], [Destination_String]) VALUES (4815, 6084, '', NULL, NULL)
INSERT INTO [dbo].[MATURITY_REFERENCES] ([Mat_Question_Id], [Gen_File_Id], [Section_Ref], [Page_Number], [Destination_String]) VALUES (4815, 6085, '', NULL, NULL)
INSERT INTO [dbo].[MATURITY_REFERENCES] ([Mat_Question_Id], [Gen_File_Id], [Section_Ref], [Page_Number], [Destination_String]) VALUES (4819, 6079, '', NULL, NULL)
INSERT INTO [dbo].[MATURITY_REFERENCES] ([Mat_Question_Id], [Gen_File_Id], [Section_Ref], [Page_Number], [Destination_String]) VALUES (4819, 6080, '', NULL, NULL)
INSERT INTO [dbo].[MATURITY_REFERENCES] ([Mat_Question_Id], [Gen_File_Id], [Section_Ref], [Page_Number], [Destination_String]) VALUES (4819, 6081, '', NULL, NULL)
INSERT INTO [dbo].[MATURITY_REFERENCES] ([Mat_Question_Id], [Gen_File_Id], [Section_Ref], [Page_Number], [Destination_String]) VALUES (4819, 6082, '', NULL, NULL)
INSERT INTO [dbo].[MATURITY_REFERENCES] ([Mat_Question_Id], [Gen_File_Id], [Section_Ref], [Page_Number], [Destination_String]) VALUES (4819, 6083, '', NULL, NULL)
INSERT INTO [dbo].[MATURITY_REFERENCES] ([Mat_Question_Id], [Gen_File_Id], [Section_Ref], [Page_Number], [Destination_String]) VALUES (4819, 6084, '', NULL, NULL)
INSERT INTO [dbo].[MATURITY_REFERENCES] ([Mat_Question_Id], [Gen_File_Id], [Section_Ref], [Page_Number], [Destination_String]) VALUES (4819, 6085, '', NULL, NULL)
INSERT INTO [dbo].[MATURITY_REFERENCES] ([Mat_Question_Id], [Gen_File_Id], [Section_Ref], [Page_Number], [Destination_String]) VALUES (4820, 6079, '', NULL, NULL)
INSERT INTO [dbo].[MATURITY_REFERENCES] ([Mat_Question_Id], [Gen_File_Id], [Section_Ref], [Page_Number], [Destination_String]) VALUES (4820, 6080, '', NULL, NULL)
INSERT INTO [dbo].[MATURITY_REFERENCES] ([Mat_Question_Id], [Gen_File_Id], [Section_Ref], [Page_Number], [Destination_String]) VALUES (4820, 6081, '', NULL, NULL)
INSERT INTO [dbo].[MATURITY_REFERENCES] ([Mat_Question_Id], [Gen_File_Id], [Section_Ref], [Page_Number], [Destination_String]) VALUES (4820, 6082, '', NULL, NULL)
INSERT INTO [dbo].[MATURITY_REFERENCES] ([Mat_Question_Id], [Gen_File_Id], [Section_Ref], [Page_Number], [Destination_String]) VALUES (4820, 6083, '', NULL, NULL)
INSERT INTO [dbo].[MATURITY_REFERENCES] ([Mat_Question_Id], [Gen_File_Id], [Section_Ref], [Page_Number], [Destination_String]) VALUES (4820, 6084, '', NULL, NULL)
INSERT INTO [dbo].[MATURITY_REFERENCES] ([Mat_Question_Id], [Gen_File_Id], [Section_Ref], [Page_Number], [Destination_String]) VALUES (4820, 6085, '', NULL, NULL)
INSERT INTO [dbo].[MATURITY_REFERENCES] ([Mat_Question_Id], [Gen_File_Id], [Section_Ref], [Page_Number], [Destination_String]) VALUES (4821, 6079, '', NULL, NULL)
INSERT INTO [dbo].[MATURITY_REFERENCES] ([Mat_Question_Id], [Gen_File_Id], [Section_Ref], [Page_Number], [Destination_String]) VALUES (4821, 6080, '', NULL, NULL)
INSERT INTO [dbo].[MATURITY_REFERENCES] ([Mat_Question_Id], [Gen_File_Id], [Section_Ref], [Page_Number], [Destination_String]) VALUES (4821, 6081, '', NULL, NULL)
INSERT INTO [dbo].[MATURITY_REFERENCES] ([Mat_Question_Id], [Gen_File_Id], [Section_Ref], [Page_Number], [Destination_String]) VALUES (4821, 6082, '', NULL, NULL)
INSERT INTO [dbo].[MATURITY_REFERENCES] ([Mat_Question_Id], [Gen_File_Id], [Section_Ref], [Page_Number], [Destination_String]) VALUES (4821, 6083, '', NULL, NULL)
INSERT INTO [dbo].[MATURITY_REFERENCES] ([Mat_Question_Id], [Gen_File_Id], [Section_Ref], [Page_Number], [Destination_String]) VALUES (4821, 6084, '', NULL, NULL)
INSERT INTO [dbo].[MATURITY_REFERENCES] ([Mat_Question_Id], [Gen_File_Id], [Section_Ref], [Page_Number], [Destination_String]) VALUES (4821, 6085, '', NULL, NULL)
INSERT INTO [dbo].[MATURITY_REFERENCES] ([Mat_Question_Id], [Gen_File_Id], [Section_Ref], [Page_Number], [Destination_String]) VALUES (4822, 6079, '', NULL, NULL)
INSERT INTO [dbo].[MATURITY_REFERENCES] ([Mat_Question_Id], [Gen_File_Id], [Section_Ref], [Page_Number], [Destination_String]) VALUES (4822, 6080, '', NULL, NULL)
INSERT INTO [dbo].[MATURITY_REFERENCES] ([Mat_Question_Id], [Gen_File_Id], [Section_Ref], [Page_Number], [Destination_String]) VALUES (4822, 6081, '', NULL, NULL)
INSERT INTO [dbo].[MATURITY_REFERENCES] ([Mat_Question_Id], [Gen_File_Id], [Section_Ref], [Page_Number], [Destination_String]) VALUES (4822, 6082, '', NULL, NULL)
INSERT INTO [dbo].[MATURITY_REFERENCES] ([Mat_Question_Id], [Gen_File_Id], [Section_Ref], [Page_Number], [Destination_String]) VALUES (4822, 6083, '', NULL, NULL)
INSERT INTO [dbo].[MATURITY_REFERENCES] ([Mat_Question_Id], [Gen_File_Id], [Section_Ref], [Page_Number], [Destination_String]) VALUES (4822, 6084, '', NULL, NULL)
INSERT INTO [dbo].[MATURITY_REFERENCES] ([Mat_Question_Id], [Gen_File_Id], [Section_Ref], [Page_Number], [Destination_String]) VALUES (4822, 6085, '', NULL, NULL)
INSERT INTO [dbo].[MATURITY_REFERENCES] ([Mat_Question_Id], [Gen_File_Id], [Section_Ref], [Page_Number], [Destination_String]) VALUES (4823, 6079, '', NULL, NULL)
INSERT INTO [dbo].[MATURITY_REFERENCES] ([Mat_Question_Id], [Gen_File_Id], [Section_Ref], [Page_Number], [Destination_String]) VALUES (4823, 6080, '', NULL, NULL)
INSERT INTO [dbo].[MATURITY_REFERENCES] ([Mat_Question_Id], [Gen_File_Id], [Section_Ref], [Page_Number], [Destination_String]) VALUES (4823, 6081, '', NULL, NULL)
INSERT INTO [dbo].[MATURITY_REFERENCES] ([Mat_Question_Id], [Gen_File_Id], [Section_Ref], [Page_Number], [Destination_String]) VALUES (4823, 6082, '', NULL, NULL)
INSERT INTO [dbo].[MATURITY_REFERENCES] ([Mat_Question_Id], [Gen_File_Id], [Section_Ref], [Page_Number], [Destination_String]) VALUES (4823, 6083, '', NULL, NULL)
INSERT INTO [dbo].[MATURITY_REFERENCES] ([Mat_Question_Id], [Gen_File_Id], [Section_Ref], [Page_Number], [Destination_String]) VALUES (4823, 6084, '', NULL, NULL)
INSERT INTO [dbo].[MATURITY_REFERENCES] ([Mat_Question_Id], [Gen_File_Id], [Section_Ref], [Page_Number], [Destination_String]) VALUES (4823, 6085, '', NULL, NULL)
INSERT INTO [dbo].[MATURITY_REFERENCES] ([Mat_Question_Id], [Gen_File_Id], [Section_Ref], [Page_Number], [Destination_String]) VALUES (4824, 6079, '', NULL, NULL)
INSERT INTO [dbo].[MATURITY_REFERENCES] ([Mat_Question_Id], [Gen_File_Id], [Section_Ref], [Page_Number], [Destination_String]) VALUES (4824, 6080, '', NULL, NULL)
INSERT INTO [dbo].[MATURITY_REFERENCES] ([Mat_Question_Id], [Gen_File_Id], [Section_Ref], [Page_Number], [Destination_String]) VALUES (4824, 6081, '', NULL, NULL)
INSERT INTO [dbo].[MATURITY_REFERENCES] ([Mat_Question_Id], [Gen_File_Id], [Section_Ref], [Page_Number], [Destination_String]) VALUES (4824, 6082, '', NULL, NULL)
INSERT INTO [dbo].[MATURITY_REFERENCES] ([Mat_Question_Id], [Gen_File_Id], [Section_Ref], [Page_Number], [Destination_String]) VALUES (4824, 6083, '', NULL, NULL)
INSERT INTO [dbo].[MATURITY_REFERENCES] ([Mat_Question_Id], [Gen_File_Id], [Section_Ref], [Page_Number], [Destination_String]) VALUES (4824, 6084, '', NULL, NULL)
INSERT INTO [dbo].[MATURITY_REFERENCES] ([Mat_Question_Id], [Gen_File_Id], [Section_Ref], [Page_Number], [Destination_String]) VALUES (4824, 6085, '', NULL, NULL)
INSERT INTO [dbo].[MATURITY_REFERENCES] ([Mat_Question_Id], [Gen_File_Id], [Section_Ref], [Page_Number], [Destination_String]) VALUES (4825, 6079, '', NULL, NULL)
INSERT INTO [dbo].[MATURITY_REFERENCES] ([Mat_Question_Id], [Gen_File_Id], [Section_Ref], [Page_Number], [Destination_String]) VALUES (4825, 6080, '', NULL, NULL)
INSERT INTO [dbo].[MATURITY_REFERENCES] ([Mat_Question_Id], [Gen_File_Id], [Section_Ref], [Page_Number], [Destination_String]) VALUES (4825, 6081, '', NULL, NULL)
INSERT INTO [dbo].[MATURITY_REFERENCES] ([Mat_Question_Id], [Gen_File_Id], [Section_Ref], [Page_Number], [Destination_String]) VALUES (4825, 6082, '', NULL, NULL)
INSERT INTO [dbo].[MATURITY_REFERENCES] ([Mat_Question_Id], [Gen_File_Id], [Section_Ref], [Page_Number], [Destination_String]) VALUES (4825, 6083, '', NULL, NULL)
INSERT INTO [dbo].[MATURITY_REFERENCES] ([Mat_Question_Id], [Gen_File_Id], [Section_Ref], [Page_Number], [Destination_String]) VALUES (4825, 6084, '', NULL, NULL)
INSERT INTO [dbo].[MATURITY_REFERENCES] ([Mat_Question_Id], [Gen_File_Id], [Section_Ref], [Page_Number], [Destination_String]) VALUES (4825, 6085, '', NULL, NULL)
INSERT INTO [dbo].[MATURITY_REFERENCES] ([Mat_Question_Id], [Gen_File_Id], [Section_Ref], [Page_Number], [Destination_String]) VALUES (4828, 6079, '', NULL, NULL)
INSERT INTO [dbo].[MATURITY_REFERENCES] ([Mat_Question_Id], [Gen_File_Id], [Section_Ref], [Page_Number], [Destination_String]) VALUES (4828, 6080, '', NULL, NULL)
INSERT INTO [dbo].[MATURITY_REFERENCES] ([Mat_Question_Id], [Gen_File_Id], [Section_Ref], [Page_Number], [Destination_String]) VALUES (4828, 6081, '', NULL, NULL)
INSERT INTO [dbo].[MATURITY_REFERENCES] ([Mat_Question_Id], [Gen_File_Id], [Section_Ref], [Page_Number], [Destination_String]) VALUES (4828, 6082, '', NULL, NULL)
INSERT INTO [dbo].[MATURITY_REFERENCES] ([Mat_Question_Id], [Gen_File_Id], [Section_Ref], [Page_Number], [Destination_String]) VALUES (4828, 6083, '', NULL, NULL)
INSERT INTO [dbo].[MATURITY_REFERENCES] ([Mat_Question_Id], [Gen_File_Id], [Section_Ref], [Page_Number], [Destination_String]) VALUES (4828, 6084, '', NULL, NULL)
INSERT INTO [dbo].[MATURITY_REFERENCES] ([Mat_Question_Id], [Gen_File_Id], [Section_Ref], [Page_Number], [Destination_String]) VALUES (4828, 6085, '', NULL, NULL)
INSERT INTO [dbo].[MATURITY_REFERENCES] ([Mat_Question_Id], [Gen_File_Id], [Section_Ref], [Page_Number], [Destination_String]) VALUES (4829, 6079, '', NULL, NULL)
INSERT INTO [dbo].[MATURITY_REFERENCES] ([Mat_Question_Id], [Gen_File_Id], [Section_Ref], [Page_Number], [Destination_String]) VALUES (4829, 6080, '', NULL, NULL)
INSERT INTO [dbo].[MATURITY_REFERENCES] ([Mat_Question_Id], [Gen_File_Id], [Section_Ref], [Page_Number], [Destination_String]) VALUES (4829, 6081, '', NULL, NULL)
INSERT INTO [dbo].[MATURITY_REFERENCES] ([Mat_Question_Id], [Gen_File_Id], [Section_Ref], [Page_Number], [Destination_String]) VALUES (4829, 6082, '', NULL, NULL)
INSERT INTO [dbo].[MATURITY_REFERENCES] ([Mat_Question_Id], [Gen_File_Id], [Section_Ref], [Page_Number], [Destination_String]) VALUES (4829, 6083, '', NULL, NULL)
INSERT INTO [dbo].[MATURITY_REFERENCES] ([Mat_Question_Id], [Gen_File_Id], [Section_Ref], [Page_Number], [Destination_String]) VALUES (4829, 6084, '', NULL, NULL)
INSERT INTO [dbo].[MATURITY_REFERENCES] ([Mat_Question_Id], [Gen_File_Id], [Section_Ref], [Page_Number], [Destination_String]) VALUES (4829, 6085, '', NULL, NULL)
INSERT INTO [dbo].[MATURITY_REFERENCES] ([Mat_Question_Id], [Gen_File_Id], [Section_Ref], [Page_Number], [Destination_String]) VALUES (4830, 6079, '', NULL, NULL)
INSERT INTO [dbo].[MATURITY_REFERENCES] ([Mat_Question_Id], [Gen_File_Id], [Section_Ref], [Page_Number], [Destination_String]) VALUES (4830, 6080, '', NULL, NULL)
INSERT INTO [dbo].[MATURITY_REFERENCES] ([Mat_Question_Id], [Gen_File_Id], [Section_Ref], [Page_Number], [Destination_String]) VALUES (4830, 6081, '', NULL, NULL)
INSERT INTO [dbo].[MATURITY_REFERENCES] ([Mat_Question_Id], [Gen_File_Id], [Section_Ref], [Page_Number], [Destination_String]) VALUES (4830, 6082, '', NULL, NULL)
INSERT INTO [dbo].[MATURITY_REFERENCES] ([Mat_Question_Id], [Gen_File_Id], [Section_Ref], [Page_Number], [Destination_String]) VALUES (4830, 6083, '', NULL, NULL)
INSERT INTO [dbo].[MATURITY_REFERENCES] ([Mat_Question_Id], [Gen_File_Id], [Section_Ref], [Page_Number], [Destination_String]) VALUES (4830, 6084, '', NULL, NULL)
INSERT INTO [dbo].[MATURITY_REFERENCES] ([Mat_Question_Id], [Gen_File_Id], [Section_Ref], [Page_Number], [Destination_String]) VALUES (4830, 6085, '', NULL, NULL)
INSERT INTO [dbo].[MATURITY_REFERENCES] ([Mat_Question_Id], [Gen_File_Id], [Section_Ref], [Page_Number], [Destination_String]) VALUES (4831, 6079, '', NULL, NULL)
INSERT INTO [dbo].[MATURITY_REFERENCES] ([Mat_Question_Id], [Gen_File_Id], [Section_Ref], [Page_Number], [Destination_String]) VALUES (4831, 6080, '', NULL, NULL)
INSERT INTO [dbo].[MATURITY_REFERENCES] ([Mat_Question_Id], [Gen_File_Id], [Section_Ref], [Page_Number], [Destination_String]) VALUES (4831, 6081, '', NULL, NULL)
INSERT INTO [dbo].[MATURITY_REFERENCES] ([Mat_Question_Id], [Gen_File_Id], [Section_Ref], [Page_Number], [Destination_String]) VALUES (4831, 6082, '', NULL, NULL)
INSERT INTO [dbo].[MATURITY_REFERENCES] ([Mat_Question_Id], [Gen_File_Id], [Section_Ref], [Page_Number], [Destination_String]) VALUES (4831, 6083, '', NULL, NULL)
INSERT INTO [dbo].[MATURITY_REFERENCES] ([Mat_Question_Id], [Gen_File_Id], [Section_Ref], [Page_Number], [Destination_String]) VALUES (4831, 6084, '', NULL, NULL)
INSERT INTO [dbo].[MATURITY_REFERENCES] ([Mat_Question_Id], [Gen_File_Id], [Section_Ref], [Page_Number], [Destination_String]) VALUES (4831, 6085, '', NULL, NULL)
INSERT INTO [dbo].[MATURITY_REFERENCES] ([Mat_Question_Id], [Gen_File_Id], [Section_Ref], [Page_Number], [Destination_String]) VALUES (4832, 6079, '', NULL, NULL)
INSERT INTO [dbo].[MATURITY_REFERENCES] ([Mat_Question_Id], [Gen_File_Id], [Section_Ref], [Page_Number], [Destination_String]) VALUES (4832, 6080, '', NULL, NULL)
INSERT INTO [dbo].[MATURITY_REFERENCES] ([Mat_Question_Id], [Gen_File_Id], [Section_Ref], [Page_Number], [Destination_String]) VALUES (4832, 6081, '', NULL, NULL)
INSERT INTO [dbo].[MATURITY_REFERENCES] ([Mat_Question_Id], [Gen_File_Id], [Section_Ref], [Page_Number], [Destination_String]) VALUES (4832, 6082, '', NULL, NULL)
INSERT INTO [dbo].[MATURITY_REFERENCES] ([Mat_Question_Id], [Gen_File_Id], [Section_Ref], [Page_Number], [Destination_String]) VALUES (4832, 6083, '', NULL, NULL)
INSERT INTO [dbo].[MATURITY_REFERENCES] ([Mat_Question_Id], [Gen_File_Id], [Section_Ref], [Page_Number], [Destination_String]) VALUES (4832, 6084, '', NULL, NULL)
INSERT INTO [dbo].[MATURITY_REFERENCES] ([Mat_Question_Id], [Gen_File_Id], [Section_Ref], [Page_Number], [Destination_String]) VALUES (4832, 6085, '', NULL, NULL)
INSERT INTO [dbo].[MATURITY_REFERENCES] ([Mat_Question_Id], [Gen_File_Id], [Section_Ref], [Page_Number], [Destination_String]) VALUES (4833, 6079, '', NULL, NULL)
INSERT INTO [dbo].[MATURITY_REFERENCES] ([Mat_Question_Id], [Gen_File_Id], [Section_Ref], [Page_Number], [Destination_String]) VALUES (4833, 6080, '', NULL, NULL)
INSERT INTO [dbo].[MATURITY_REFERENCES] ([Mat_Question_Id], [Gen_File_Id], [Section_Ref], [Page_Number], [Destination_String]) VALUES (4833, 6081, '', NULL, NULL)
INSERT INTO [dbo].[MATURITY_REFERENCES] ([Mat_Question_Id], [Gen_File_Id], [Section_Ref], [Page_Number], [Destination_String]) VALUES (4833, 6082, '', NULL, NULL)
INSERT INTO [dbo].[MATURITY_REFERENCES] ([Mat_Question_Id], [Gen_File_Id], [Section_Ref], [Page_Number], [Destination_String]) VALUES (4833, 6083, '', NULL, NULL)
INSERT INTO [dbo].[MATURITY_REFERENCES] ([Mat_Question_Id], [Gen_File_Id], [Section_Ref], [Page_Number], [Destination_String]) VALUES (4833, 6084, '', NULL, NULL)
INSERT INTO [dbo].[MATURITY_REFERENCES] ([Mat_Question_Id], [Gen_File_Id], [Section_Ref], [Page_Number], [Destination_String]) VALUES (4833, 6085, '', NULL, NULL)
INSERT INTO [dbo].[MATURITY_REFERENCES] ([Mat_Question_Id], [Gen_File_Id], [Section_Ref], [Page_Number], [Destination_String]) VALUES (4834, 6079, '', NULL, NULL)
INSERT INTO [dbo].[MATURITY_REFERENCES] ([Mat_Question_Id], [Gen_File_Id], [Section_Ref], [Page_Number], [Destination_String]) VALUES (4834, 6080, '', NULL, NULL)
INSERT INTO [dbo].[MATURITY_REFERENCES] ([Mat_Question_Id], [Gen_File_Id], [Section_Ref], [Page_Number], [Destination_String]) VALUES (4834, 6081, '', NULL, NULL)
INSERT INTO [dbo].[MATURITY_REFERENCES] ([Mat_Question_Id], [Gen_File_Id], [Section_Ref], [Page_Number], [Destination_String]) VALUES (4834, 6082, '', NULL, NULL)
INSERT INTO [dbo].[MATURITY_REFERENCES] ([Mat_Question_Id], [Gen_File_Id], [Section_Ref], [Page_Number], [Destination_String]) VALUES (4834, 6083, '', NULL, NULL)
INSERT INTO [dbo].[MATURITY_REFERENCES] ([Mat_Question_Id], [Gen_File_Id], [Section_Ref], [Page_Number], [Destination_String]) VALUES (4834, 6084, '', NULL, NULL)
INSERT INTO [dbo].[MATURITY_REFERENCES] ([Mat_Question_Id], [Gen_File_Id], [Section_Ref], [Page_Number], [Destination_String]) VALUES (4834, 6085, '', NULL, NULL)
INSERT INTO [dbo].[MATURITY_REFERENCES] ([Mat_Question_Id], [Gen_File_Id], [Section_Ref], [Page_Number], [Destination_String]) VALUES (4835, 6079, '', NULL, NULL)
INSERT INTO [dbo].[MATURITY_REFERENCES] ([Mat_Question_Id], [Gen_File_Id], [Section_Ref], [Page_Number], [Destination_String]) VALUES (4835, 6080, '', NULL, NULL)
INSERT INTO [dbo].[MATURITY_REFERENCES] ([Mat_Question_Id], [Gen_File_Id], [Section_Ref], [Page_Number], [Destination_String]) VALUES (4835, 6081, '', NULL, NULL)
INSERT INTO [dbo].[MATURITY_REFERENCES] ([Mat_Question_Id], [Gen_File_Id], [Section_Ref], [Page_Number], [Destination_String]) VALUES (4835, 6082, '', NULL, NULL)
INSERT INTO [dbo].[MATURITY_REFERENCES] ([Mat_Question_Id], [Gen_File_Id], [Section_Ref], [Page_Number], [Destination_String]) VALUES (4835, 6083, '', NULL, NULL)
INSERT INTO [dbo].[MATURITY_REFERENCES] ([Mat_Question_Id], [Gen_File_Id], [Section_Ref], [Page_Number], [Destination_String]) VALUES (4835, 6084, '', NULL, NULL)
INSERT INTO [dbo].[MATURITY_REFERENCES] ([Mat_Question_Id], [Gen_File_Id], [Section_Ref], [Page_Number], [Destination_String]) VALUES (4835, 6085, '', NULL, NULL)
INSERT INTO [dbo].[MATURITY_REFERENCES] ([Mat_Question_Id], [Gen_File_Id], [Section_Ref], [Page_Number], [Destination_String]) VALUES (4836, 6079, '', NULL, NULL)
INSERT INTO [dbo].[MATURITY_REFERENCES] ([Mat_Question_Id], [Gen_File_Id], [Section_Ref], [Page_Number], [Destination_String]) VALUES (4836, 6080, '', NULL, NULL)
INSERT INTO [dbo].[MATURITY_REFERENCES] ([Mat_Question_Id], [Gen_File_Id], [Section_Ref], [Page_Number], [Destination_String]) VALUES (4836, 6081, '', NULL, NULL)
INSERT INTO [dbo].[MATURITY_REFERENCES] ([Mat_Question_Id], [Gen_File_Id], [Section_Ref], [Page_Number], [Destination_String]) VALUES (4836, 6082, '', NULL, NULL)
INSERT INTO [dbo].[MATURITY_REFERENCES] ([Mat_Question_Id], [Gen_File_Id], [Section_Ref], [Page_Number], [Destination_String]) VALUES (4836, 6083, '', NULL, NULL)
INSERT INTO [dbo].[MATURITY_REFERENCES] ([Mat_Question_Id], [Gen_File_Id], [Section_Ref], [Page_Number], [Destination_String]) VALUES (4836, 6084, '', NULL, NULL)
INSERT INTO [dbo].[MATURITY_REFERENCES] ([Mat_Question_Id], [Gen_File_Id], [Section_Ref], [Page_Number], [Destination_String]) VALUES (4836, 6085, '', NULL, NULL)
INSERT INTO [dbo].[MATURITY_REFERENCES] ([Mat_Question_Id], [Gen_File_Id], [Section_Ref], [Page_Number], [Destination_String]) VALUES (4837, 6079, '', NULL, NULL)
INSERT INTO [dbo].[MATURITY_REFERENCES] ([Mat_Question_Id], [Gen_File_Id], [Section_Ref], [Page_Number], [Destination_String]) VALUES (4837, 6080, '', NULL, NULL)
INSERT INTO [dbo].[MATURITY_REFERENCES] ([Mat_Question_Id], [Gen_File_Id], [Section_Ref], [Page_Number], [Destination_String]) VALUES (4837, 6081, '', NULL, NULL)
INSERT INTO [dbo].[MATURITY_REFERENCES] ([Mat_Question_Id], [Gen_File_Id], [Section_Ref], [Page_Number], [Destination_String]) VALUES (4837, 6082, '', NULL, NULL)
INSERT INTO [dbo].[MATURITY_REFERENCES] ([Mat_Question_Id], [Gen_File_Id], [Section_Ref], [Page_Number], [Destination_String]) VALUES (4837, 6083, '', NULL, NULL)
INSERT INTO [dbo].[MATURITY_REFERENCES] ([Mat_Question_Id], [Gen_File_Id], [Section_Ref], [Page_Number], [Destination_String]) VALUES (4837, 6084, '', NULL, NULL)
INSERT INTO [dbo].[MATURITY_REFERENCES] ([Mat_Question_Id], [Gen_File_Id], [Section_Ref], [Page_Number], [Destination_String]) VALUES (4837, 6085, '', NULL, NULL)
INSERT INTO [dbo].[MATURITY_REFERENCES] ([Mat_Question_Id], [Gen_File_Id], [Section_Ref], [Page_Number], [Destination_String]) VALUES (4838, 6079, '', NULL, NULL)
INSERT INTO [dbo].[MATURITY_REFERENCES] ([Mat_Question_Id], [Gen_File_Id], [Section_Ref], [Page_Number], [Destination_String]) VALUES (4838, 6080, '', NULL, NULL)
INSERT INTO [dbo].[MATURITY_REFERENCES] ([Mat_Question_Id], [Gen_File_Id], [Section_Ref], [Page_Number], [Destination_String]) VALUES (4838, 6081, '', NULL, NULL)
INSERT INTO [dbo].[MATURITY_REFERENCES] ([Mat_Question_Id], [Gen_File_Id], [Section_Ref], [Page_Number], [Destination_String]) VALUES (4838, 6082, '', NULL, NULL)
INSERT INTO [dbo].[MATURITY_REFERENCES] ([Mat_Question_Id], [Gen_File_Id], [Section_Ref], [Page_Number], [Destination_String]) VALUES (4838, 6083, '', NULL, NULL)
INSERT INTO [dbo].[MATURITY_REFERENCES] ([Mat_Question_Id], [Gen_File_Id], [Section_Ref], [Page_Number], [Destination_String]) VALUES (4838, 6084, '', NULL, NULL)
INSERT INTO [dbo].[MATURITY_REFERENCES] ([Mat_Question_Id], [Gen_File_Id], [Section_Ref], [Page_Number], [Destination_String]) VALUES (4838, 6085, '', NULL, NULL)
INSERT INTO [dbo].[MATURITY_REFERENCES] ([Mat_Question_Id], [Gen_File_Id], [Section_Ref], [Page_Number], [Destination_String]) VALUES (4839, 6079, '', NULL, NULL)
INSERT INTO [dbo].[MATURITY_REFERENCES] ([Mat_Question_Id], [Gen_File_Id], [Section_Ref], [Page_Number], [Destination_String]) VALUES (4839, 6080, '', NULL, NULL)
INSERT INTO [dbo].[MATURITY_REFERENCES] ([Mat_Question_Id], [Gen_File_Id], [Section_Ref], [Page_Number], [Destination_String]) VALUES (4839, 6081, '', NULL, NULL)
INSERT INTO [dbo].[MATURITY_REFERENCES] ([Mat_Question_Id], [Gen_File_Id], [Section_Ref], [Page_Number], [Destination_String]) VALUES (4839, 6082, '', NULL, NULL)
INSERT INTO [dbo].[MATURITY_REFERENCES] ([Mat_Question_Id], [Gen_File_Id], [Section_Ref], [Page_Number], [Destination_String]) VALUES (4839, 6083, '', NULL, NULL)
INSERT INTO [dbo].[MATURITY_REFERENCES] ([Mat_Question_Id], [Gen_File_Id], [Section_Ref], [Page_Number], [Destination_String]) VALUES (4839, 6084, '', NULL, NULL)
INSERT INTO [dbo].[MATURITY_REFERENCES] ([Mat_Question_Id], [Gen_File_Id], [Section_Ref], [Page_Number], [Destination_String]) VALUES (4839, 6085, '', NULL, NULL)
INSERT INTO [dbo].[MATURITY_REFERENCES] ([Mat_Question_Id], [Gen_File_Id], [Section_Ref], [Page_Number], [Destination_String]) VALUES (4840, 6079, '', NULL, NULL)
INSERT INTO [dbo].[MATURITY_REFERENCES] ([Mat_Question_Id], [Gen_File_Id], [Section_Ref], [Page_Number], [Destination_String]) VALUES (4840, 6080, '', NULL, NULL)
INSERT INTO [dbo].[MATURITY_REFERENCES] ([Mat_Question_Id], [Gen_File_Id], [Section_Ref], [Page_Number], [Destination_String]) VALUES (4840, 6081, '', NULL, NULL)
INSERT INTO [dbo].[MATURITY_REFERENCES] ([Mat_Question_Id], [Gen_File_Id], [Section_Ref], [Page_Number], [Destination_String]) VALUES (4840, 6082, '', NULL, NULL)
INSERT INTO [dbo].[MATURITY_REFERENCES] ([Mat_Question_Id], [Gen_File_Id], [Section_Ref], [Page_Number], [Destination_String]) VALUES (4840, 6083, '', NULL, NULL)
INSERT INTO [dbo].[MATURITY_REFERENCES] ([Mat_Question_Id], [Gen_File_Id], [Section_Ref], [Page_Number], [Destination_String]) VALUES (4840, 6084, '', NULL, NULL)
INSERT INTO [dbo].[MATURITY_REFERENCES] ([Mat_Question_Id], [Gen_File_Id], [Section_Ref], [Page_Number], [Destination_String]) VALUES (4840, 6085, '', NULL, NULL)
INSERT INTO [dbo].[MATURITY_REFERENCES] ([Mat_Question_Id], [Gen_File_Id], [Section_Ref], [Page_Number], [Destination_String]) VALUES (4842, 6079, '', NULL, NULL)
INSERT INTO [dbo].[MATURITY_REFERENCES] ([Mat_Question_Id], [Gen_File_Id], [Section_Ref], [Page_Number], [Destination_String]) VALUES (4842, 6080, '', NULL, NULL)
INSERT INTO [dbo].[MATURITY_REFERENCES] ([Mat_Question_Id], [Gen_File_Id], [Section_Ref], [Page_Number], [Destination_String]) VALUES (4842, 6081, '', NULL, NULL)
INSERT INTO [dbo].[MATURITY_REFERENCES] ([Mat_Question_Id], [Gen_File_Id], [Section_Ref], [Page_Number], [Destination_String]) VALUES (4842, 6082, '', NULL, NULL)
INSERT INTO [dbo].[MATURITY_REFERENCES] ([Mat_Question_Id], [Gen_File_Id], [Section_Ref], [Page_Number], [Destination_String]) VALUES (4842, 6083, '', NULL, NULL)
INSERT INTO [dbo].[MATURITY_REFERENCES] ([Mat_Question_Id], [Gen_File_Id], [Section_Ref], [Page_Number], [Destination_String]) VALUES (4842, 6084, '', NULL, NULL)
INSERT INTO [dbo].[MATURITY_REFERENCES] ([Mat_Question_Id], [Gen_File_Id], [Section_Ref], [Page_Number], [Destination_String]) VALUES (4842, 6085, '', NULL, NULL)
INSERT INTO [dbo].[MATURITY_REFERENCES] ([Mat_Question_Id], [Gen_File_Id], [Section_Ref], [Page_Number], [Destination_String]) VALUES (4843, 6079, '', NULL, NULL)
INSERT INTO [dbo].[MATURITY_REFERENCES] ([Mat_Question_Id], [Gen_File_Id], [Section_Ref], [Page_Number], [Destination_String]) VALUES (4843, 6080, '', NULL, NULL)
INSERT INTO [dbo].[MATURITY_REFERENCES] ([Mat_Question_Id], [Gen_File_Id], [Section_Ref], [Page_Number], [Destination_String]) VALUES (4843, 6081, '', NULL, NULL)
INSERT INTO [dbo].[MATURITY_REFERENCES] ([Mat_Question_Id], [Gen_File_Id], [Section_Ref], [Page_Number], [Destination_String]) VALUES (4843, 6082, '', NULL, NULL)
INSERT INTO [dbo].[MATURITY_REFERENCES] ([Mat_Question_Id], [Gen_File_Id], [Section_Ref], [Page_Number], [Destination_String]) VALUES (4843, 6083, '', NULL, NULL)
INSERT INTO [dbo].[MATURITY_REFERENCES] ([Mat_Question_Id], [Gen_File_Id], [Section_Ref], [Page_Number], [Destination_String]) VALUES (4843, 6084, '', NULL, NULL)
INSERT INTO [dbo].[MATURITY_REFERENCES] ([Mat_Question_Id], [Gen_File_Id], [Section_Ref], [Page_Number], [Destination_String]) VALUES (4843, 6085, '', NULL, NULL)
INSERT INTO [dbo].[MATURITY_REFERENCES] ([Mat_Question_Id], [Gen_File_Id], [Section_Ref], [Page_Number], [Destination_String]) VALUES (4844, 6079, '', NULL, NULL)
INSERT INTO [dbo].[MATURITY_REFERENCES] ([Mat_Question_Id], [Gen_File_Id], [Section_Ref], [Page_Number], [Destination_String]) VALUES (4844, 6080, '', NULL, NULL)
INSERT INTO [dbo].[MATURITY_REFERENCES] ([Mat_Question_Id], [Gen_File_Id], [Section_Ref], [Page_Number], [Destination_String]) VALUES (4844, 6081, '', NULL, NULL)
INSERT INTO [dbo].[MATURITY_REFERENCES] ([Mat_Question_Id], [Gen_File_Id], [Section_Ref], [Page_Number], [Destination_String]) VALUES (4844, 6082, '', NULL, NULL)
INSERT INTO [dbo].[MATURITY_REFERENCES] ([Mat_Question_Id], [Gen_File_Id], [Section_Ref], [Page_Number], [Destination_String]) VALUES (4844, 6083, '', NULL, NULL)
INSERT INTO [dbo].[MATURITY_REFERENCES] ([Mat_Question_Id], [Gen_File_Id], [Section_Ref], [Page_Number], [Destination_String]) VALUES (4844, 6084, '', NULL, NULL)
INSERT INTO [dbo].[MATURITY_REFERENCES] ([Mat_Question_Id], [Gen_File_Id], [Section_Ref], [Page_Number], [Destination_String]) VALUES (4844, 6085, '', NULL, NULL)
INSERT INTO [dbo].[MATURITY_REFERENCES] ([Mat_Question_Id], [Gen_File_Id], [Section_Ref], [Page_Number], [Destination_String]) VALUES (4852, 6079, '', NULL, NULL)
INSERT INTO [dbo].[MATURITY_REFERENCES] ([Mat_Question_Id], [Gen_File_Id], [Section_Ref], [Page_Number], [Destination_String]) VALUES (4852, 6080, '', NULL, NULL)
INSERT INTO [dbo].[MATURITY_REFERENCES] ([Mat_Question_Id], [Gen_File_Id], [Section_Ref], [Page_Number], [Destination_String]) VALUES (4852, 6081, '', NULL, NULL)
INSERT INTO [dbo].[MATURITY_REFERENCES] ([Mat_Question_Id], [Gen_File_Id], [Section_Ref], [Page_Number], [Destination_String]) VALUES (4852, 6082, '', NULL, NULL)
INSERT INTO [dbo].[MATURITY_REFERENCES] ([Mat_Question_Id], [Gen_File_Id], [Section_Ref], [Page_Number], [Destination_String]) VALUES (4852, 6083, '', NULL, NULL)
INSERT INTO [dbo].[MATURITY_REFERENCES] ([Mat_Question_Id], [Gen_File_Id], [Section_Ref], [Page_Number], [Destination_String]) VALUES (4852, 6084, '', NULL, NULL)
INSERT INTO [dbo].[MATURITY_REFERENCES] ([Mat_Question_Id], [Gen_File_Id], [Section_Ref], [Page_Number], [Destination_String]) VALUES (4852, 6085, '', NULL, NULL)
INSERT INTO [dbo].[MATURITY_REFERENCES] ([Mat_Question_Id], [Gen_File_Id], [Section_Ref], [Page_Number], [Destination_String]) VALUES (4853, 6079, '', NULL, NULL)
INSERT INTO [dbo].[MATURITY_REFERENCES] ([Mat_Question_Id], [Gen_File_Id], [Section_Ref], [Page_Number], [Destination_String]) VALUES (4853, 6080, '', NULL, NULL)
INSERT INTO [dbo].[MATURITY_REFERENCES] ([Mat_Question_Id], [Gen_File_Id], [Section_Ref], [Page_Number], [Destination_String]) VALUES (4853, 6081, '', NULL, NULL)
INSERT INTO [dbo].[MATURITY_REFERENCES] ([Mat_Question_Id], [Gen_File_Id], [Section_Ref], [Page_Number], [Destination_String]) VALUES (4853, 6082, '', NULL, NULL)
INSERT INTO [dbo].[MATURITY_REFERENCES] ([Mat_Question_Id], [Gen_File_Id], [Section_Ref], [Page_Number], [Destination_String]) VALUES (4853, 6083, '', NULL, NULL)
INSERT INTO [dbo].[MATURITY_REFERENCES] ([Mat_Question_Id], [Gen_File_Id], [Section_Ref], [Page_Number], [Destination_String]) VALUES (4853, 6084, '', NULL, NULL)
INSERT INTO [dbo].[MATURITY_REFERENCES] ([Mat_Question_Id], [Gen_File_Id], [Section_Ref], [Page_Number], [Destination_String]) VALUES (4853, 6085, '', NULL, NULL)
INSERT INTO [dbo].[MATURITY_REFERENCES] ([Mat_Question_Id], [Gen_File_Id], [Section_Ref], [Page_Number], [Destination_String]) VALUES (4854, 6079, '', NULL, NULL)
INSERT INTO [dbo].[MATURITY_REFERENCES] ([Mat_Question_Id], [Gen_File_Id], [Section_Ref], [Page_Number], [Destination_String]) VALUES (4854, 6080, '', NULL, NULL)
INSERT INTO [dbo].[MATURITY_REFERENCES] ([Mat_Question_Id], [Gen_File_Id], [Section_Ref], [Page_Number], [Destination_String]) VALUES (4854, 6081, '', NULL, NULL)
INSERT INTO [dbo].[MATURITY_REFERENCES] ([Mat_Question_Id], [Gen_File_Id], [Section_Ref], [Page_Number], [Destination_String]) VALUES (4854, 6082, '', NULL, NULL)
INSERT INTO [dbo].[MATURITY_REFERENCES] ([Mat_Question_Id], [Gen_File_Id], [Section_Ref], [Page_Number], [Destination_String]) VALUES (4854, 6083, '', NULL, NULL)
INSERT INTO [dbo].[MATURITY_REFERENCES] ([Mat_Question_Id], [Gen_File_Id], [Section_Ref], [Page_Number], [Destination_String]) VALUES (4854, 6084, '', NULL, NULL)
INSERT INTO [dbo].[MATURITY_REFERENCES] ([Mat_Question_Id], [Gen_File_Id], [Section_Ref], [Page_Number], [Destination_String]) VALUES (4854, 6085, '', NULL, NULL)
INSERT INTO [dbo].[MATURITY_REFERENCES] ([Mat_Question_Id], [Gen_File_Id], [Section_Ref], [Page_Number], [Destination_String]) VALUES (4855, 6079, '', NULL, NULL)
INSERT INTO [dbo].[MATURITY_REFERENCES] ([Mat_Question_Id], [Gen_File_Id], [Section_Ref], [Page_Number], [Destination_String]) VALUES (4855, 6080, '', NULL, NULL)
INSERT INTO [dbo].[MATURITY_REFERENCES] ([Mat_Question_Id], [Gen_File_Id], [Section_Ref], [Page_Number], [Destination_String]) VALUES (4855, 6081, '', NULL, NULL)
INSERT INTO [dbo].[MATURITY_REFERENCES] ([Mat_Question_Id], [Gen_File_Id], [Section_Ref], [Page_Number], [Destination_String]) VALUES (4855, 6082, '', NULL, NULL)
INSERT INTO [dbo].[MATURITY_REFERENCES] ([Mat_Question_Id], [Gen_File_Id], [Section_Ref], [Page_Number], [Destination_String]) VALUES (4855, 6083, '', NULL, NULL)
INSERT INTO [dbo].[MATURITY_REFERENCES] ([Mat_Question_Id], [Gen_File_Id], [Section_Ref], [Page_Number], [Destination_String]) VALUES (4855, 6084, '', NULL, NULL)
INSERT INTO [dbo].[MATURITY_REFERENCES] ([Mat_Question_Id], [Gen_File_Id], [Section_Ref], [Page_Number], [Destination_String]) VALUES (4855, 6085, '', NULL, NULL)
INSERT INTO [dbo].[MATURITY_REFERENCES] ([Mat_Question_Id], [Gen_File_Id], [Section_Ref], [Page_Number], [Destination_String]) VALUES (4856, 6079, '', NULL, NULL)
INSERT INTO [dbo].[MATURITY_REFERENCES] ([Mat_Question_Id], [Gen_File_Id], [Section_Ref], [Page_Number], [Destination_String]) VALUES (4856, 6080, '', NULL, NULL)
INSERT INTO [dbo].[MATURITY_REFERENCES] ([Mat_Question_Id], [Gen_File_Id], [Section_Ref], [Page_Number], [Destination_String]) VALUES (4856, 6081, '', NULL, NULL)
INSERT INTO [dbo].[MATURITY_REFERENCES] ([Mat_Question_Id], [Gen_File_Id], [Section_Ref], [Page_Number], [Destination_String]) VALUES (4856, 6082, '', NULL, NULL)
INSERT INTO [dbo].[MATURITY_REFERENCES] ([Mat_Question_Id], [Gen_File_Id], [Section_Ref], [Page_Number], [Destination_String]) VALUES (4856, 6083, '', NULL, NULL)
INSERT INTO [dbo].[MATURITY_REFERENCES] ([Mat_Question_Id], [Gen_File_Id], [Section_Ref], [Page_Number], [Destination_String]) VALUES (4856, 6084, '', NULL, NULL)
INSERT INTO [dbo].[MATURITY_REFERENCES] ([Mat_Question_Id], [Gen_File_Id], [Section_Ref], [Page_Number], [Destination_String]) VALUES (4856, 6085, '', NULL, NULL)
INSERT INTO [dbo].[MATURITY_REFERENCES] ([Mat_Question_Id], [Gen_File_Id], [Section_Ref], [Page_Number], [Destination_String]) VALUES (4857, 6079, '', NULL, NULL)
INSERT INTO [dbo].[MATURITY_REFERENCES] ([Mat_Question_Id], [Gen_File_Id], [Section_Ref], [Page_Number], [Destination_String]) VALUES (4857, 6080, '', NULL, NULL)
INSERT INTO [dbo].[MATURITY_REFERENCES] ([Mat_Question_Id], [Gen_File_Id], [Section_Ref], [Page_Number], [Destination_String]) VALUES (4857, 6081, '', NULL, NULL)
INSERT INTO [dbo].[MATURITY_REFERENCES] ([Mat_Question_Id], [Gen_File_Id], [Section_Ref], [Page_Number], [Destination_String]) VALUES (4857, 6082, '', NULL, NULL)
INSERT INTO [dbo].[MATURITY_REFERENCES] ([Mat_Question_Id], [Gen_File_Id], [Section_Ref], [Page_Number], [Destination_String]) VALUES (4857, 6083, '', NULL, NULL)
INSERT INTO [dbo].[MATURITY_REFERENCES] ([Mat_Question_Id], [Gen_File_Id], [Section_Ref], [Page_Number], [Destination_String]) VALUES (4857, 6084, '', NULL, NULL)
INSERT INTO [dbo].[MATURITY_REFERENCES] ([Mat_Question_Id], [Gen_File_Id], [Section_Ref], [Page_Number], [Destination_String]) VALUES (4857, 6085, '', NULL, NULL)
INSERT INTO [dbo].[MATURITY_REFERENCES] ([Mat_Question_Id], [Gen_File_Id], [Section_Ref], [Page_Number], [Destination_String]) VALUES (4859, 6079, '', NULL, NULL)
INSERT INTO [dbo].[MATURITY_REFERENCES] ([Mat_Question_Id], [Gen_File_Id], [Section_Ref], [Page_Number], [Destination_String]) VALUES (4859, 6080, '', NULL, NULL)
INSERT INTO [dbo].[MATURITY_REFERENCES] ([Mat_Question_Id], [Gen_File_Id], [Section_Ref], [Page_Number], [Destination_String]) VALUES (4859, 6081, '', NULL, NULL)
INSERT INTO [dbo].[MATURITY_REFERENCES] ([Mat_Question_Id], [Gen_File_Id], [Section_Ref], [Page_Number], [Destination_String]) VALUES (4859, 6082, '', NULL, NULL)
INSERT INTO [dbo].[MATURITY_REFERENCES] ([Mat_Question_Id], [Gen_File_Id], [Section_Ref], [Page_Number], [Destination_String]) VALUES (4859, 6083, '', NULL, NULL)
INSERT INTO [dbo].[MATURITY_REFERENCES] ([Mat_Question_Id], [Gen_File_Id], [Section_Ref], [Page_Number], [Destination_String]) VALUES (4859, 6084, '', NULL, NULL)
INSERT INTO [dbo].[MATURITY_REFERENCES] ([Mat_Question_Id], [Gen_File_Id], [Section_Ref], [Page_Number], [Destination_String]) VALUES (4859, 6085, '', NULL, NULL)
INSERT INTO [dbo].[MATURITY_REFERENCES] ([Mat_Question_Id], [Gen_File_Id], [Section_Ref], [Page_Number], [Destination_String]) VALUES (4860, 6079, '', NULL, NULL)
INSERT INTO [dbo].[MATURITY_REFERENCES] ([Mat_Question_Id], [Gen_File_Id], [Section_Ref], [Page_Number], [Destination_String]) VALUES (4860, 6080, '', NULL, NULL)
INSERT INTO [dbo].[MATURITY_REFERENCES] ([Mat_Question_Id], [Gen_File_Id], [Section_Ref], [Page_Number], [Destination_String]) VALUES (4860, 6081, '', NULL, NULL)
INSERT INTO [dbo].[MATURITY_REFERENCES] ([Mat_Question_Id], [Gen_File_Id], [Section_Ref], [Page_Number], [Destination_String]) VALUES (4860, 6082, '', NULL, NULL)
INSERT INTO [dbo].[MATURITY_REFERENCES] ([Mat_Question_Id], [Gen_File_Id], [Section_Ref], [Page_Number], [Destination_String]) VALUES (4860, 6083, '', NULL, NULL)
INSERT INTO [dbo].[MATURITY_REFERENCES] ([Mat_Question_Id], [Gen_File_Id], [Section_Ref], [Page_Number], [Destination_String]) VALUES (4860, 6084, '', NULL, NULL)
INSERT INTO [dbo].[MATURITY_REFERENCES] ([Mat_Question_Id], [Gen_File_Id], [Section_Ref], [Page_Number], [Destination_String]) VALUES (4860, 6085, '', NULL, NULL)
INSERT INTO [dbo].[MATURITY_REFERENCES] ([Mat_Question_Id], [Gen_File_Id], [Section_Ref], [Page_Number], [Destination_String]) VALUES (4861, 6079, '', NULL, NULL)
INSERT INTO [dbo].[MATURITY_REFERENCES] ([Mat_Question_Id], [Gen_File_Id], [Section_Ref], [Page_Number], [Destination_String]) VALUES (4861, 6080, '', NULL, NULL)
INSERT INTO [dbo].[MATURITY_REFERENCES] ([Mat_Question_Id], [Gen_File_Id], [Section_Ref], [Page_Number], [Destination_String]) VALUES (4861, 6081, '', NULL, NULL)
INSERT INTO [dbo].[MATURITY_REFERENCES] ([Mat_Question_Id], [Gen_File_Id], [Section_Ref], [Page_Number], [Destination_String]) VALUES (4861, 6082, '', NULL, NULL)
INSERT INTO [dbo].[MATURITY_REFERENCES] ([Mat_Question_Id], [Gen_File_Id], [Section_Ref], [Page_Number], [Destination_String]) VALUES (4861, 6083, '', NULL, NULL)
INSERT INTO [dbo].[MATURITY_REFERENCES] ([Mat_Question_Id], [Gen_File_Id], [Section_Ref], [Page_Number], [Destination_String]) VALUES (4861, 6084, '', NULL, NULL)
INSERT INTO [dbo].[MATURITY_REFERENCES] ([Mat_Question_Id], [Gen_File_Id], [Section_Ref], [Page_Number], [Destination_String]) VALUES (4861, 6085, '', NULL, NULL)
INSERT INTO [dbo].[MATURITY_REFERENCES] ([Mat_Question_Id], [Gen_File_Id], [Section_Ref], [Page_Number], [Destination_String]) VALUES (4862, 6079, '', NULL, NULL)
INSERT INTO [dbo].[MATURITY_REFERENCES] ([Mat_Question_Id], [Gen_File_Id], [Section_Ref], [Page_Number], [Destination_String]) VALUES (4862, 6080, '', NULL, NULL)
INSERT INTO [dbo].[MATURITY_REFERENCES] ([Mat_Question_Id], [Gen_File_Id], [Section_Ref], [Page_Number], [Destination_String]) VALUES (4862, 6081, '', NULL, NULL)
INSERT INTO [dbo].[MATURITY_REFERENCES] ([Mat_Question_Id], [Gen_File_Id], [Section_Ref], [Page_Number], [Destination_String]) VALUES (4862, 6082, '', NULL, NULL)
INSERT INTO [dbo].[MATURITY_REFERENCES] ([Mat_Question_Id], [Gen_File_Id], [Section_Ref], [Page_Number], [Destination_String]) VALUES (4862, 6083, '', NULL, NULL)
INSERT INTO [dbo].[MATURITY_REFERENCES] ([Mat_Question_Id], [Gen_File_Id], [Section_Ref], [Page_Number], [Destination_String]) VALUES (4862, 6084, '', NULL, NULL)
INSERT INTO [dbo].[MATURITY_REFERENCES] ([Mat_Question_Id], [Gen_File_Id], [Section_Ref], [Page_Number], [Destination_String]) VALUES (4862, 6085, '', NULL, NULL)
INSERT INTO [dbo].[MATURITY_REFERENCES] ([Mat_Question_Id], [Gen_File_Id], [Section_Ref], [Page_Number], [Destination_String]) VALUES (4863, 6079, '', NULL, NULL)
INSERT INTO [dbo].[MATURITY_REFERENCES] ([Mat_Question_Id], [Gen_File_Id], [Section_Ref], [Page_Number], [Destination_String]) VALUES (4863, 6080, '', NULL, NULL)
INSERT INTO [dbo].[MATURITY_REFERENCES] ([Mat_Question_Id], [Gen_File_Id], [Section_Ref], [Page_Number], [Destination_String]) VALUES (4863, 6081, '', NULL, NULL)
INSERT INTO [dbo].[MATURITY_REFERENCES] ([Mat_Question_Id], [Gen_File_Id], [Section_Ref], [Page_Number], [Destination_String]) VALUES (4863, 6082, '', NULL, NULL)
INSERT INTO [dbo].[MATURITY_REFERENCES] ([Mat_Question_Id], [Gen_File_Id], [Section_Ref], [Page_Number], [Destination_String]) VALUES (4863, 6083, '', NULL, NULL)
INSERT INTO [dbo].[MATURITY_REFERENCES] ([Mat_Question_Id], [Gen_File_Id], [Section_Ref], [Page_Number], [Destination_String]) VALUES (4863, 6084, '', NULL, NULL)
INSERT INTO [dbo].[MATURITY_REFERENCES] ([Mat_Question_Id], [Gen_File_Id], [Section_Ref], [Page_Number], [Destination_String]) VALUES (4863, 6085, '', NULL, NULL)
INSERT INTO [dbo].[MATURITY_REFERENCES] ([Mat_Question_Id], [Gen_File_Id], [Section_Ref], [Page_Number], [Destination_String]) VALUES (4864, 6079, '', NULL, NULL)
INSERT INTO [dbo].[MATURITY_REFERENCES] ([Mat_Question_Id], [Gen_File_Id], [Section_Ref], [Page_Number], [Destination_String]) VALUES (4864, 6080, '', NULL, NULL)
INSERT INTO [dbo].[MATURITY_REFERENCES] ([Mat_Question_Id], [Gen_File_Id], [Section_Ref], [Page_Number], [Destination_String]) VALUES (4864, 6081, '', NULL, NULL)
INSERT INTO [dbo].[MATURITY_REFERENCES] ([Mat_Question_Id], [Gen_File_Id], [Section_Ref], [Page_Number], [Destination_String]) VALUES (4864, 6082, '', NULL, NULL)
INSERT INTO [dbo].[MATURITY_REFERENCES] ([Mat_Question_Id], [Gen_File_Id], [Section_Ref], [Page_Number], [Destination_String]) VALUES (4864, 6083, '', NULL, NULL)
INSERT INTO [dbo].[MATURITY_REFERENCES] ([Mat_Question_Id], [Gen_File_Id], [Section_Ref], [Page_Number], [Destination_String]) VALUES (4864, 6084, '', NULL, NULL)
INSERT INTO [dbo].[MATURITY_REFERENCES] ([Mat_Question_Id], [Gen_File_Id], [Section_Ref], [Page_Number], [Destination_String]) VALUES (4864, 6085, '', NULL, NULL)
INSERT INTO [dbo].[MATURITY_REFERENCES] ([Mat_Question_Id], [Gen_File_Id], [Section_Ref], [Page_Number], [Destination_String]) VALUES (4865, 6079, '', NULL, NULL)
INSERT INTO [dbo].[MATURITY_REFERENCES] ([Mat_Question_Id], [Gen_File_Id], [Section_Ref], [Page_Number], [Destination_String]) VALUES (4865, 6080, '', NULL, NULL)
INSERT INTO [dbo].[MATURITY_REFERENCES] ([Mat_Question_Id], [Gen_File_Id], [Section_Ref], [Page_Number], [Destination_String]) VALUES (4865, 6081, '', NULL, NULL)
INSERT INTO [dbo].[MATURITY_REFERENCES] ([Mat_Question_Id], [Gen_File_Id], [Section_Ref], [Page_Number], [Destination_String]) VALUES (4865, 6082, '', NULL, NULL)
INSERT INTO [dbo].[MATURITY_REFERENCES] ([Mat_Question_Id], [Gen_File_Id], [Section_Ref], [Page_Number], [Destination_String]) VALUES (4865, 6083, '', NULL, NULL)
INSERT INTO [dbo].[MATURITY_REFERENCES] ([Mat_Question_Id], [Gen_File_Id], [Section_Ref], [Page_Number], [Destination_String]) VALUES (4865, 6084, '', NULL, NULL)
INSERT INTO [dbo].[MATURITY_REFERENCES] ([Mat_Question_Id], [Gen_File_Id], [Section_Ref], [Page_Number], [Destination_String]) VALUES (4865, 6085, '', NULL, NULL)
INSERT INTO [dbo].[MATURITY_REFERENCES] ([Mat_Question_Id], [Gen_File_Id], [Section_Ref], [Page_Number], [Destination_String]) VALUES (4866, 6079, '', NULL, NULL)
INSERT INTO [dbo].[MATURITY_REFERENCES] ([Mat_Question_Id], [Gen_File_Id], [Section_Ref], [Page_Number], [Destination_String]) VALUES (4866, 6080, '', NULL, NULL)
INSERT INTO [dbo].[MATURITY_REFERENCES] ([Mat_Question_Id], [Gen_File_Id], [Section_Ref], [Page_Number], [Destination_String]) VALUES (4866, 6081, '', NULL, NULL)
INSERT INTO [dbo].[MATURITY_REFERENCES] ([Mat_Question_Id], [Gen_File_Id], [Section_Ref], [Page_Number], [Destination_String]) VALUES (4866, 6082, '', NULL, NULL)
INSERT INTO [dbo].[MATURITY_REFERENCES] ([Mat_Question_Id], [Gen_File_Id], [Section_Ref], [Page_Number], [Destination_String]) VALUES (4866, 6083, '', NULL, NULL)
INSERT INTO [dbo].[MATURITY_REFERENCES] ([Mat_Question_Id], [Gen_File_Id], [Section_Ref], [Page_Number], [Destination_String]) VALUES (4866, 6084, '', NULL, NULL)
INSERT INTO [dbo].[MATURITY_REFERENCES] ([Mat_Question_Id], [Gen_File_Id], [Section_Ref], [Page_Number], [Destination_String]) VALUES (4866, 6085, '', NULL, NULL)
INSERT INTO [dbo].[MATURITY_REFERENCES] ([Mat_Question_Id], [Gen_File_Id], [Section_Ref], [Page_Number], [Destination_String]) VALUES (4867, 6079, '', NULL, NULL)
INSERT INTO [dbo].[MATURITY_REFERENCES] ([Mat_Question_Id], [Gen_File_Id], [Section_Ref], [Page_Number], [Destination_String]) VALUES (4867, 6080, '', NULL, NULL)
INSERT INTO [dbo].[MATURITY_REFERENCES] ([Mat_Question_Id], [Gen_File_Id], [Section_Ref], [Page_Number], [Destination_String]) VALUES (4867, 6081, '', NULL, NULL)
INSERT INTO [dbo].[MATURITY_REFERENCES] ([Mat_Question_Id], [Gen_File_Id], [Section_Ref], [Page_Number], [Destination_String]) VALUES (4867, 6082, '', NULL, NULL)
INSERT INTO [dbo].[MATURITY_REFERENCES] ([Mat_Question_Id], [Gen_File_Id], [Section_Ref], [Page_Number], [Destination_String]) VALUES (4867, 6083, '', NULL, NULL)
INSERT INTO [dbo].[MATURITY_REFERENCES] ([Mat_Question_Id], [Gen_File_Id], [Section_Ref], [Page_Number], [Destination_String]) VALUES (4867, 6084, '', NULL, NULL)
INSERT INTO [dbo].[MATURITY_REFERENCES] ([Mat_Question_Id], [Gen_File_Id], [Section_Ref], [Page_Number], [Destination_String]) VALUES (4867, 6085, '', NULL, NULL)
INSERT INTO [dbo].[MATURITY_REFERENCES] ([Mat_Question_Id], [Gen_File_Id], [Section_Ref], [Page_Number], [Destination_String]) VALUES (4868, 6079, '', NULL, NULL)
INSERT INTO [dbo].[MATURITY_REFERENCES] ([Mat_Question_Id], [Gen_File_Id], [Section_Ref], [Page_Number], [Destination_String]) VALUES (4868, 6080, '', NULL, NULL)
INSERT INTO [dbo].[MATURITY_REFERENCES] ([Mat_Question_Id], [Gen_File_Id], [Section_Ref], [Page_Number], [Destination_String]) VALUES (4868, 6081, '', NULL, NULL)
INSERT INTO [dbo].[MATURITY_REFERENCES] ([Mat_Question_Id], [Gen_File_Id], [Section_Ref], [Page_Number], [Destination_String]) VALUES (4868, 6082, '', NULL, NULL)
INSERT INTO [dbo].[MATURITY_REFERENCES] ([Mat_Question_Id], [Gen_File_Id], [Section_Ref], [Page_Number], [Destination_String]) VALUES (4868, 6083, '', NULL, NULL)
INSERT INTO [dbo].[MATURITY_REFERENCES] ([Mat_Question_Id], [Gen_File_Id], [Section_Ref], [Page_Number], [Destination_String]) VALUES (4868, 6084, '', NULL, NULL)
INSERT INTO [dbo].[MATURITY_REFERENCES] ([Mat_Question_Id], [Gen_File_Id], [Section_Ref], [Page_Number], [Destination_String]) VALUES (4868, 6085, '', NULL, NULL)
INSERT INTO [dbo].[MATURITY_REFERENCES] ([Mat_Question_Id], [Gen_File_Id], [Section_Ref], [Page_Number], [Destination_String]) VALUES (4869, 6079, '', NULL, NULL)
INSERT INTO [dbo].[MATURITY_REFERENCES] ([Mat_Question_Id], [Gen_File_Id], [Section_Ref], [Page_Number], [Destination_String]) VALUES (4869, 6080, '', NULL, NULL)
INSERT INTO [dbo].[MATURITY_REFERENCES] ([Mat_Question_Id], [Gen_File_Id], [Section_Ref], [Page_Number], [Destination_String]) VALUES (4869, 6081, '', NULL, NULL)
INSERT INTO [dbo].[MATURITY_REFERENCES] ([Mat_Question_Id], [Gen_File_Id], [Section_Ref], [Page_Number], [Destination_String]) VALUES (4869, 6082, '', NULL, NULL)
INSERT INTO [dbo].[MATURITY_REFERENCES] ([Mat_Question_Id], [Gen_File_Id], [Section_Ref], [Page_Number], [Destination_String]) VALUES (4869, 6083, '', NULL, NULL)
INSERT INTO [dbo].[MATURITY_REFERENCES] ([Mat_Question_Id], [Gen_File_Id], [Section_Ref], [Page_Number], [Destination_String]) VALUES (4869, 6084, '', NULL, NULL)
INSERT INTO [dbo].[MATURITY_REFERENCES] ([Mat_Question_Id], [Gen_File_Id], [Section_Ref], [Page_Number], [Destination_String]) VALUES (4869, 6085, '', NULL, NULL)
INSERT INTO [dbo].[MATURITY_REFERENCES] ([Mat_Question_Id], [Gen_File_Id], [Section_Ref], [Page_Number], [Destination_String]) VALUES (4870, 6079, '', NULL, NULL)
INSERT INTO [dbo].[MATURITY_REFERENCES] ([Mat_Question_Id], [Gen_File_Id], [Section_Ref], [Page_Number], [Destination_String]) VALUES (4870, 6080, '', NULL, NULL)
INSERT INTO [dbo].[MATURITY_REFERENCES] ([Mat_Question_Id], [Gen_File_Id], [Section_Ref], [Page_Number], [Destination_String]) VALUES (4870, 6081, '', NULL, NULL)
INSERT INTO [dbo].[MATURITY_REFERENCES] ([Mat_Question_Id], [Gen_File_Id], [Section_Ref], [Page_Number], [Destination_String]) VALUES (4870, 6082, '', NULL, NULL)
INSERT INTO [dbo].[MATURITY_REFERENCES] ([Mat_Question_Id], [Gen_File_Id], [Section_Ref], [Page_Number], [Destination_String]) VALUES (4870, 6083, '', NULL, NULL)
INSERT INTO [dbo].[MATURITY_REFERENCES] ([Mat_Question_Id], [Gen_File_Id], [Section_Ref], [Page_Number], [Destination_String]) VALUES (4870, 6084, '', NULL, NULL)
INSERT INTO [dbo].[MATURITY_REFERENCES] ([Mat_Question_Id], [Gen_File_Id], [Section_Ref], [Page_Number], [Destination_String]) VALUES (4870, 6085, '', NULL, NULL)
INSERT INTO [dbo].[MATURITY_REFERENCES] ([Mat_Question_Id], [Gen_File_Id], [Section_Ref], [Page_Number], [Destination_String]) VALUES (4871, 6079, '', NULL, NULL)
INSERT INTO [dbo].[MATURITY_REFERENCES] ([Mat_Question_Id], [Gen_File_Id], [Section_Ref], [Page_Number], [Destination_String]) VALUES (4871, 6080, '', NULL, NULL)
INSERT INTO [dbo].[MATURITY_REFERENCES] ([Mat_Question_Id], [Gen_File_Id], [Section_Ref], [Page_Number], [Destination_String]) VALUES (4871, 6081, '', NULL, NULL)
INSERT INTO [dbo].[MATURITY_REFERENCES] ([Mat_Question_Id], [Gen_File_Id], [Section_Ref], [Page_Number], [Destination_String]) VALUES (4871, 6082, '', NULL, NULL)
INSERT INTO [dbo].[MATURITY_REFERENCES] ([Mat_Question_Id], [Gen_File_Id], [Section_Ref], [Page_Number], [Destination_String]) VALUES (4871, 6083, '', NULL, NULL)
INSERT INTO [dbo].[MATURITY_REFERENCES] ([Mat_Question_Id], [Gen_File_Id], [Section_Ref], [Page_Number], [Destination_String]) VALUES (4871, 6084, '', NULL, NULL)
INSERT INTO [dbo].[MATURITY_REFERENCES] ([Mat_Question_Id], [Gen_File_Id], [Section_Ref], [Page_Number], [Destination_String]) VALUES (4871, 6085, '', NULL, NULL)
INSERT INTO [dbo].[MATURITY_REFERENCES] ([Mat_Question_Id], [Gen_File_Id], [Section_Ref], [Page_Number], [Destination_String]) VALUES (4872, 6079, '', NULL, NULL)
INSERT INTO [dbo].[MATURITY_REFERENCES] ([Mat_Question_Id], [Gen_File_Id], [Section_Ref], [Page_Number], [Destination_String]) VALUES (4872, 6080, '', NULL, NULL)
INSERT INTO [dbo].[MATURITY_REFERENCES] ([Mat_Question_Id], [Gen_File_Id], [Section_Ref], [Page_Number], [Destination_String]) VALUES (4872, 6081, '', NULL, NULL)
INSERT INTO [dbo].[MATURITY_REFERENCES] ([Mat_Question_Id], [Gen_File_Id], [Section_Ref], [Page_Number], [Destination_String]) VALUES (4872, 6082, '', NULL, NULL)
INSERT INTO [dbo].[MATURITY_REFERENCES] ([Mat_Question_Id], [Gen_File_Id], [Section_Ref], [Page_Number], [Destination_String]) VALUES (4872, 6083, '', NULL, NULL)
INSERT INTO [dbo].[MATURITY_REFERENCES] ([Mat_Question_Id], [Gen_File_Id], [Section_Ref], [Page_Number], [Destination_String]) VALUES (4872, 6084, '', NULL, NULL)
INSERT INTO [dbo].[MATURITY_REFERENCES] ([Mat_Question_Id], [Gen_File_Id], [Section_Ref], [Page_Number], [Destination_String]) VALUES (4872, 6085, '', NULL, NULL)
INSERT INTO [dbo].[MATURITY_REFERENCES] ([Mat_Question_Id], [Gen_File_Id], [Section_Ref], [Page_Number], [Destination_String]) VALUES (4873, 6079, '', NULL, NULL)
INSERT INTO [dbo].[MATURITY_REFERENCES] ([Mat_Question_Id], [Gen_File_Id], [Section_Ref], [Page_Number], [Destination_String]) VALUES (4873, 6080, '', NULL, NULL)
INSERT INTO [dbo].[MATURITY_REFERENCES] ([Mat_Question_Id], [Gen_File_Id], [Section_Ref], [Page_Number], [Destination_String]) VALUES (4873, 6081, '', NULL, NULL)
INSERT INTO [dbo].[MATURITY_REFERENCES] ([Mat_Question_Id], [Gen_File_Id], [Section_Ref], [Page_Number], [Destination_String]) VALUES (4873, 6082, '', NULL, NULL)
INSERT INTO [dbo].[MATURITY_REFERENCES] ([Mat_Question_Id], [Gen_File_Id], [Section_Ref], [Page_Number], [Destination_String]) VALUES (4873, 6083, '', NULL, NULL)
INSERT INTO [dbo].[MATURITY_REFERENCES] ([Mat_Question_Id], [Gen_File_Id], [Section_Ref], [Page_Number], [Destination_String]) VALUES (4873, 6084, '', NULL, NULL)
INSERT INTO [dbo].[MATURITY_REFERENCES] ([Mat_Question_Id], [Gen_File_Id], [Section_Ref], [Page_Number], [Destination_String]) VALUES (4873, 6085, '', NULL, NULL)
INSERT INTO [dbo].[MATURITY_REFERENCES] ([Mat_Question_Id], [Gen_File_Id], [Section_Ref], [Page_Number], [Destination_String]) VALUES (4874, 6079, '', NULL, NULL)
INSERT INTO [dbo].[MATURITY_REFERENCES] ([Mat_Question_Id], [Gen_File_Id], [Section_Ref], [Page_Number], [Destination_String]) VALUES (4874, 6080, '', NULL, NULL)
INSERT INTO [dbo].[MATURITY_REFERENCES] ([Mat_Question_Id], [Gen_File_Id], [Section_Ref], [Page_Number], [Destination_String]) VALUES (4874, 6081, '', NULL, NULL)
INSERT INTO [dbo].[MATURITY_REFERENCES] ([Mat_Question_Id], [Gen_File_Id], [Section_Ref], [Page_Number], [Destination_String]) VALUES (4874, 6082, '', NULL, NULL)
INSERT INTO [dbo].[MATURITY_REFERENCES] ([Mat_Question_Id], [Gen_File_Id], [Section_Ref], [Page_Number], [Destination_String]) VALUES (4874, 6083, '', NULL, NULL)
INSERT INTO [dbo].[MATURITY_REFERENCES] ([Mat_Question_Id], [Gen_File_Id], [Section_Ref], [Page_Number], [Destination_String]) VALUES (4874, 6084, '', NULL, NULL)
INSERT INTO [dbo].[MATURITY_REFERENCES] ([Mat_Question_Id], [Gen_File_Id], [Section_Ref], [Page_Number], [Destination_String]) VALUES (4874, 6085, '', NULL, NULL)
INSERT INTO [dbo].[MATURITY_REFERENCES] ([Mat_Question_Id], [Gen_File_Id], [Section_Ref], [Page_Number], [Destination_String]) VALUES (4875, 6079, '', NULL, NULL)
INSERT INTO [dbo].[MATURITY_REFERENCES] ([Mat_Question_Id], [Gen_File_Id], [Section_Ref], [Page_Number], [Destination_String]) VALUES (4875, 6080, '', NULL, NULL)
INSERT INTO [dbo].[MATURITY_REFERENCES] ([Mat_Question_Id], [Gen_File_Id], [Section_Ref], [Page_Number], [Destination_String]) VALUES (4875, 6081, '', NULL, NULL)
INSERT INTO [dbo].[MATURITY_REFERENCES] ([Mat_Question_Id], [Gen_File_Id], [Section_Ref], [Page_Number], [Destination_String]) VALUES (4875, 6082, '', NULL, NULL)
INSERT INTO [dbo].[MATURITY_REFERENCES] ([Mat_Question_Id], [Gen_File_Id], [Section_Ref], [Page_Number], [Destination_String]) VALUES (4875, 6083, '', NULL, NULL)
INSERT INTO [dbo].[MATURITY_REFERENCES] ([Mat_Question_Id], [Gen_File_Id], [Section_Ref], [Page_Number], [Destination_String]) VALUES (4875, 6084, '', NULL, NULL)
INSERT INTO [dbo].[MATURITY_REFERENCES] ([Mat_Question_Id], [Gen_File_Id], [Section_Ref], [Page_Number], [Destination_String]) VALUES (4875, 6085, '', NULL, NULL)
INSERT INTO [dbo].[MATURITY_REFERENCES] ([Mat_Question_Id], [Gen_File_Id], [Section_Ref], [Page_Number], [Destination_String]) VALUES (4876, 6079, '', NULL, NULL)
INSERT INTO [dbo].[MATURITY_REFERENCES] ([Mat_Question_Id], [Gen_File_Id], [Section_Ref], [Page_Number], [Destination_String]) VALUES (4876, 6080, '', NULL, NULL)
INSERT INTO [dbo].[MATURITY_REFERENCES] ([Mat_Question_Id], [Gen_File_Id], [Section_Ref], [Page_Number], [Destination_String]) VALUES (4876, 6081, '', NULL, NULL)
INSERT INTO [dbo].[MATURITY_REFERENCES] ([Mat_Question_Id], [Gen_File_Id], [Section_Ref], [Page_Number], [Destination_String]) VALUES (4876, 6082, '', NULL, NULL)
INSERT INTO [dbo].[MATURITY_REFERENCES] ([Mat_Question_Id], [Gen_File_Id], [Section_Ref], [Page_Number], [Destination_String]) VALUES (4876, 6083, '', NULL, NULL)
INSERT INTO [dbo].[MATURITY_REFERENCES] ([Mat_Question_Id], [Gen_File_Id], [Section_Ref], [Page_Number], [Destination_String]) VALUES (4876, 6084, '', NULL, NULL)
INSERT INTO [dbo].[MATURITY_REFERENCES] ([Mat_Question_Id], [Gen_File_Id], [Section_Ref], [Page_Number], [Destination_String]) VALUES (4876, 6085, '', NULL, NULL)
INSERT INTO [dbo].[MATURITY_REFERENCES] ([Mat_Question_Id], [Gen_File_Id], [Section_Ref], [Page_Number], [Destination_String]) VALUES (4877, 6079, '', NULL, NULL)
INSERT INTO [dbo].[MATURITY_REFERENCES] ([Mat_Question_Id], [Gen_File_Id], [Section_Ref], [Page_Number], [Destination_String]) VALUES (4877, 6080, '', NULL, NULL)
INSERT INTO [dbo].[MATURITY_REFERENCES] ([Mat_Question_Id], [Gen_File_Id], [Section_Ref], [Page_Number], [Destination_String]) VALUES (4877, 6081, '', NULL, NULL)
INSERT INTO [dbo].[MATURITY_REFERENCES] ([Mat_Question_Id], [Gen_File_Id], [Section_Ref], [Page_Number], [Destination_String]) VALUES (4877, 6082, '', NULL, NULL)
INSERT INTO [dbo].[MATURITY_REFERENCES] ([Mat_Question_Id], [Gen_File_Id], [Section_Ref], [Page_Number], [Destination_String]) VALUES (4877, 6083, '', NULL, NULL)
INSERT INTO [dbo].[MATURITY_REFERENCES] ([Mat_Question_Id], [Gen_File_Id], [Section_Ref], [Page_Number], [Destination_String]) VALUES (4877, 6084, '', NULL, NULL)
INSERT INTO [dbo].[MATURITY_REFERENCES] ([Mat_Question_Id], [Gen_File_Id], [Section_Ref], [Page_Number], [Destination_String]) VALUES (4877, 6085, '', NULL, NULL)
INSERT INTO [dbo].[MATURITY_REFERENCES] ([Mat_Question_Id], [Gen_File_Id], [Section_Ref], [Page_Number], [Destination_String]) VALUES (4878, 6079, '', NULL, NULL)
INSERT INTO [dbo].[MATURITY_REFERENCES] ([Mat_Question_Id], [Gen_File_Id], [Section_Ref], [Page_Number], [Destination_String]) VALUES (4878, 6080, '', NULL, NULL)
INSERT INTO [dbo].[MATURITY_REFERENCES] ([Mat_Question_Id], [Gen_File_Id], [Section_Ref], [Page_Number], [Destination_String]) VALUES (4878, 6081, '', NULL, NULL)
INSERT INTO [dbo].[MATURITY_REFERENCES] ([Mat_Question_Id], [Gen_File_Id], [Section_Ref], [Page_Number], [Destination_String]) VALUES (4878, 6082, '', NULL, NULL)
INSERT INTO [dbo].[MATURITY_REFERENCES] ([Mat_Question_Id], [Gen_File_Id], [Section_Ref], [Page_Number], [Destination_String]) VALUES (4878, 6083, '', NULL, NULL)
INSERT INTO [dbo].[MATURITY_REFERENCES] ([Mat_Question_Id], [Gen_File_Id], [Section_Ref], [Page_Number], [Destination_String]) VALUES (4878, 6084, '', NULL, NULL)
INSERT INTO [dbo].[MATURITY_REFERENCES] ([Mat_Question_Id], [Gen_File_Id], [Section_Ref], [Page_Number], [Destination_String]) VALUES (4878, 6085, '', NULL, NULL)
INSERT INTO [dbo].[MATURITY_REFERENCES] ([Mat_Question_Id], [Gen_File_Id], [Section_Ref], [Page_Number], [Destination_String]) VALUES (4879, 6079, '', NULL, NULL)
INSERT INTO [dbo].[MATURITY_REFERENCES] ([Mat_Question_Id], [Gen_File_Id], [Section_Ref], [Page_Number], [Destination_String]) VALUES (4879, 6080, '', NULL, NULL)
INSERT INTO [dbo].[MATURITY_REFERENCES] ([Mat_Question_Id], [Gen_File_Id], [Section_Ref], [Page_Number], [Destination_String]) VALUES (4879, 6081, '', NULL, NULL)
INSERT INTO [dbo].[MATURITY_REFERENCES] ([Mat_Question_Id], [Gen_File_Id], [Section_Ref], [Page_Number], [Destination_String]) VALUES (4879, 6082, '', NULL, NULL)
INSERT INTO [dbo].[MATURITY_REFERENCES] ([Mat_Question_Id], [Gen_File_Id], [Section_Ref], [Page_Number], [Destination_String]) VALUES (4879, 6083, '', NULL, NULL)
INSERT INTO [dbo].[MATURITY_REFERENCES] ([Mat_Question_Id], [Gen_File_Id], [Section_Ref], [Page_Number], [Destination_String]) VALUES (4879, 6084, '', NULL, NULL)
INSERT INTO [dbo].[MATURITY_REFERENCES] ([Mat_Question_Id], [Gen_File_Id], [Section_Ref], [Page_Number], [Destination_String]) VALUES (4879, 6085, '', NULL, NULL)
INSERT INTO [dbo].[MATURITY_REFERENCES] ([Mat_Question_Id], [Gen_File_Id], [Section_Ref], [Page_Number], [Destination_String]) VALUES (4880, 6079, '', NULL, NULL)
INSERT INTO [dbo].[MATURITY_REFERENCES] ([Mat_Question_Id], [Gen_File_Id], [Section_Ref], [Page_Number], [Destination_String]) VALUES (4880, 6080, '', NULL, NULL)
INSERT INTO [dbo].[MATURITY_REFERENCES] ([Mat_Question_Id], [Gen_File_Id], [Section_Ref], [Page_Number], [Destination_String]) VALUES (4880, 6081, '', NULL, NULL)
INSERT INTO [dbo].[MATURITY_REFERENCES] ([Mat_Question_Id], [Gen_File_Id], [Section_Ref], [Page_Number], [Destination_String]) VALUES (4880, 6082, '', NULL, NULL)
INSERT INTO [dbo].[MATURITY_REFERENCES] ([Mat_Question_Id], [Gen_File_Id], [Section_Ref], [Page_Number], [Destination_String]) VALUES (4880, 6083, '', NULL, NULL)
INSERT INTO [dbo].[MATURITY_REFERENCES] ([Mat_Question_Id], [Gen_File_Id], [Section_Ref], [Page_Number], [Destination_String]) VALUES (4880, 6084, '', NULL, NULL)
INSERT INTO [dbo].[MATURITY_REFERENCES] ([Mat_Question_Id], [Gen_File_Id], [Section_Ref], [Page_Number], [Destination_String]) VALUES (4880, 6085, '', NULL, NULL)
INSERT INTO [dbo].[MATURITY_REFERENCES] ([Mat_Question_Id], [Gen_File_Id], [Section_Ref], [Page_Number], [Destination_String]) VALUES (4882, 6079, '', NULL, NULL)
INSERT INTO [dbo].[MATURITY_REFERENCES] ([Mat_Question_Id], [Gen_File_Id], [Section_Ref], [Page_Number], [Destination_String]) VALUES (4882, 6080, '', NULL, NULL)
INSERT INTO [dbo].[MATURITY_REFERENCES] ([Mat_Question_Id], [Gen_File_Id], [Section_Ref], [Page_Number], [Destination_String]) VALUES (4882, 6081, '', NULL, NULL)
INSERT INTO [dbo].[MATURITY_REFERENCES] ([Mat_Question_Id], [Gen_File_Id], [Section_Ref], [Page_Number], [Destination_String]) VALUES (4882, 6082, '', NULL, NULL)
INSERT INTO [dbo].[MATURITY_REFERENCES] ([Mat_Question_Id], [Gen_File_Id], [Section_Ref], [Page_Number], [Destination_String]) VALUES (4882, 6083, '', NULL, NULL)
INSERT INTO [dbo].[MATURITY_REFERENCES] ([Mat_Question_Id], [Gen_File_Id], [Section_Ref], [Page_Number], [Destination_String]) VALUES (4882, 6084, '', NULL, NULL)
INSERT INTO [dbo].[MATURITY_REFERENCES] ([Mat_Question_Id], [Gen_File_Id], [Section_Ref], [Page_Number], [Destination_String]) VALUES (4882, 6085, '', NULL, NULL)
INSERT INTO [dbo].[MATURITY_REFERENCES] ([Mat_Question_Id], [Gen_File_Id], [Section_Ref], [Page_Number], [Destination_String]) VALUES (4883, 6079, '', NULL, NULL)
INSERT INTO [dbo].[MATURITY_REFERENCES] ([Mat_Question_Id], [Gen_File_Id], [Section_Ref], [Page_Number], [Destination_String]) VALUES (4883, 6080, '', NULL, NULL)
INSERT INTO [dbo].[MATURITY_REFERENCES] ([Mat_Question_Id], [Gen_File_Id], [Section_Ref], [Page_Number], [Destination_String]) VALUES (4883, 6081, '', NULL, NULL)
INSERT INTO [dbo].[MATURITY_REFERENCES] ([Mat_Question_Id], [Gen_File_Id], [Section_Ref], [Page_Number], [Destination_String]) VALUES (4883, 6082, '', NULL, NULL)
INSERT INTO [dbo].[MATURITY_REFERENCES] ([Mat_Question_Id], [Gen_File_Id], [Section_Ref], [Page_Number], [Destination_String]) VALUES (4883, 6083, '', NULL, NULL)
INSERT INTO [dbo].[MATURITY_REFERENCES] ([Mat_Question_Id], [Gen_File_Id], [Section_Ref], [Page_Number], [Destination_String]) VALUES (4883, 6084, '', NULL, NULL)
INSERT INTO [dbo].[MATURITY_REFERENCES] ([Mat_Question_Id], [Gen_File_Id], [Section_Ref], [Page_Number], [Destination_String]) VALUES (4883, 6085, '', NULL, NULL)
INSERT INTO [dbo].[MATURITY_REFERENCES] ([Mat_Question_Id], [Gen_File_Id], [Section_Ref], [Page_Number], [Destination_String]) VALUES (4884, 6079, '', NULL, NULL)
INSERT INTO [dbo].[MATURITY_REFERENCES] ([Mat_Question_Id], [Gen_File_Id], [Section_Ref], [Page_Number], [Destination_String]) VALUES (4884, 6080, '', NULL, NULL)
INSERT INTO [dbo].[MATURITY_REFERENCES] ([Mat_Question_Id], [Gen_File_Id], [Section_Ref], [Page_Number], [Destination_String]) VALUES (4884, 6081, '', NULL, NULL)
INSERT INTO [dbo].[MATURITY_REFERENCES] ([Mat_Question_Id], [Gen_File_Id], [Section_Ref], [Page_Number], [Destination_String]) VALUES (4884, 6082, '', NULL, NULL)
INSERT INTO [dbo].[MATURITY_REFERENCES] ([Mat_Question_Id], [Gen_File_Id], [Section_Ref], [Page_Number], [Destination_String]) VALUES (4884, 6083, '', NULL, NULL)
INSERT INTO [dbo].[MATURITY_REFERENCES] ([Mat_Question_Id], [Gen_File_Id], [Section_Ref], [Page_Number], [Destination_String]) VALUES (4884, 6084, '', NULL, NULL)
INSERT INTO [dbo].[MATURITY_REFERENCES] ([Mat_Question_Id], [Gen_File_Id], [Section_Ref], [Page_Number], [Destination_String]) VALUES (4884, 6085, '', NULL, NULL)
INSERT INTO [dbo].[MATURITY_REFERENCES] ([Mat_Question_Id], [Gen_File_Id], [Section_Ref], [Page_Number], [Destination_String]) VALUES (4885, 6079, '', NULL, NULL)
INSERT INTO [dbo].[MATURITY_REFERENCES] ([Mat_Question_Id], [Gen_File_Id], [Section_Ref], [Page_Number], [Destination_String]) VALUES (4885, 6080, '', NULL, NULL)
INSERT INTO [dbo].[MATURITY_REFERENCES] ([Mat_Question_Id], [Gen_File_Id], [Section_Ref], [Page_Number], [Destination_String]) VALUES (4885, 6081, '', NULL, NULL)
INSERT INTO [dbo].[MATURITY_REFERENCES] ([Mat_Question_Id], [Gen_File_Id], [Section_Ref], [Page_Number], [Destination_String]) VALUES (4885, 6082, '', NULL, NULL)
INSERT INTO [dbo].[MATURITY_REFERENCES] ([Mat_Question_Id], [Gen_File_Id], [Section_Ref], [Page_Number], [Destination_String]) VALUES (4885, 6083, '', NULL, NULL)
INSERT INTO [dbo].[MATURITY_REFERENCES] ([Mat_Question_Id], [Gen_File_Id], [Section_Ref], [Page_Number], [Destination_String]) VALUES (4885, 6084, '', NULL, NULL)
INSERT INTO [dbo].[MATURITY_REFERENCES] ([Mat_Question_Id], [Gen_File_Id], [Section_Ref], [Page_Number], [Destination_String]) VALUES (4885, 6085, '', NULL, NULL)
INSERT INTO [dbo].[MATURITY_REFERENCES] ([Mat_Question_Id], [Gen_File_Id], [Section_Ref], [Page_Number], [Destination_String]) VALUES (4886, 6079, '', NULL, NULL)
INSERT INTO [dbo].[MATURITY_REFERENCES] ([Mat_Question_Id], [Gen_File_Id], [Section_Ref], [Page_Number], [Destination_String]) VALUES (4886, 6080, '', NULL, NULL)
INSERT INTO [dbo].[MATURITY_REFERENCES] ([Mat_Question_Id], [Gen_File_Id], [Section_Ref], [Page_Number], [Destination_String]) VALUES (4886, 6081, '', NULL, NULL)
INSERT INTO [dbo].[MATURITY_REFERENCES] ([Mat_Question_Id], [Gen_File_Id], [Section_Ref], [Page_Number], [Destination_String]) VALUES (4886, 6082, '', NULL, NULL)
INSERT INTO [dbo].[MATURITY_REFERENCES] ([Mat_Question_Id], [Gen_File_Id], [Section_Ref], [Page_Number], [Destination_String]) VALUES (4886, 6083, '', NULL, NULL)
INSERT INTO [dbo].[MATURITY_REFERENCES] ([Mat_Question_Id], [Gen_File_Id], [Section_Ref], [Page_Number], [Destination_String]) VALUES (4886, 6084, '', NULL, NULL)
INSERT INTO [dbo].[MATURITY_REFERENCES] ([Mat_Question_Id], [Gen_File_Id], [Section_Ref], [Page_Number], [Destination_String]) VALUES (4886, 6085, '', NULL, NULL)
INSERT INTO [dbo].[MATURITY_REFERENCES] ([Mat_Question_Id], [Gen_File_Id], [Section_Ref], [Page_Number], [Destination_String]) VALUES (4887, 6079, '', NULL, NULL)
INSERT INTO [dbo].[MATURITY_REFERENCES] ([Mat_Question_Id], [Gen_File_Id], [Section_Ref], [Page_Number], [Destination_String]) VALUES (4887, 6080, '', NULL, NULL)
INSERT INTO [dbo].[MATURITY_REFERENCES] ([Mat_Question_Id], [Gen_File_Id], [Section_Ref], [Page_Number], [Destination_String]) VALUES (4887, 6081, '', NULL, NULL)
INSERT INTO [dbo].[MATURITY_REFERENCES] ([Mat_Question_Id], [Gen_File_Id], [Section_Ref], [Page_Number], [Destination_String]) VALUES (4887, 6082, '', NULL, NULL)
INSERT INTO [dbo].[MATURITY_REFERENCES] ([Mat_Question_Id], [Gen_File_Id], [Section_Ref], [Page_Number], [Destination_String]) VALUES (4887, 6083, '', NULL, NULL)
INSERT INTO [dbo].[MATURITY_REFERENCES] ([Mat_Question_Id], [Gen_File_Id], [Section_Ref], [Page_Number], [Destination_String]) VALUES (4887, 6084, '', NULL, NULL)
INSERT INTO [dbo].[MATURITY_REFERENCES] ([Mat_Question_Id], [Gen_File_Id], [Section_Ref], [Page_Number], [Destination_String]) VALUES (4887, 6085, '', NULL, NULL)
INSERT INTO [dbo].[MATURITY_REFERENCES] ([Mat_Question_Id], [Gen_File_Id], [Section_Ref], [Page_Number], [Destination_String]) VALUES (4888, 6079, '', NULL, NULL)
INSERT INTO [dbo].[MATURITY_REFERENCES] ([Mat_Question_Id], [Gen_File_Id], [Section_Ref], [Page_Number], [Destination_String]) VALUES (4888, 6080, '', NULL, NULL)
INSERT INTO [dbo].[MATURITY_REFERENCES] ([Mat_Question_Id], [Gen_File_Id], [Section_Ref], [Page_Number], [Destination_String]) VALUES (4888, 6081, '', NULL, NULL)
INSERT INTO [dbo].[MATURITY_REFERENCES] ([Mat_Question_Id], [Gen_File_Id], [Section_Ref], [Page_Number], [Destination_String]) VALUES (4888, 6082, '', NULL, NULL)
INSERT INTO [dbo].[MATURITY_REFERENCES] ([Mat_Question_Id], [Gen_File_Id], [Section_Ref], [Page_Number], [Destination_String]) VALUES (4888, 6083, '', NULL, NULL)
INSERT INTO [dbo].[MATURITY_REFERENCES] ([Mat_Question_Id], [Gen_File_Id], [Section_Ref], [Page_Number], [Destination_String]) VALUES (4888, 6084, '', NULL, NULL)
INSERT INTO [dbo].[MATURITY_REFERENCES] ([Mat_Question_Id], [Gen_File_Id], [Section_Ref], [Page_Number], [Destination_String]) VALUES (4888, 6085, '', NULL, NULL)
INSERT INTO [dbo].[MATURITY_REFERENCES] ([Mat_Question_Id], [Gen_File_Id], [Section_Ref], [Page_Number], [Destination_String]) VALUES (4889, 6079, '', NULL, NULL)
INSERT INTO [dbo].[MATURITY_REFERENCES] ([Mat_Question_Id], [Gen_File_Id], [Section_Ref], [Page_Number], [Destination_String]) VALUES (4889, 6080, '', NULL, NULL)
INSERT INTO [dbo].[MATURITY_REFERENCES] ([Mat_Question_Id], [Gen_File_Id], [Section_Ref], [Page_Number], [Destination_String]) VALUES (4889, 6081, '', NULL, NULL)
INSERT INTO [dbo].[MATURITY_REFERENCES] ([Mat_Question_Id], [Gen_File_Id], [Section_Ref], [Page_Number], [Destination_String]) VALUES (4889, 6082, '', NULL, NULL)
INSERT INTO [dbo].[MATURITY_REFERENCES] ([Mat_Question_Id], [Gen_File_Id], [Section_Ref], [Page_Number], [Destination_String]) VALUES (4889, 6083, '', NULL, NULL)
INSERT INTO [dbo].[MATURITY_REFERENCES] ([Mat_Question_Id], [Gen_File_Id], [Section_Ref], [Page_Number], [Destination_String]) VALUES (4889, 6084, '', NULL, NULL)
INSERT INTO [dbo].[MATURITY_REFERENCES] ([Mat_Question_Id], [Gen_File_Id], [Section_Ref], [Page_Number], [Destination_String]) VALUES (4889, 6085, '', NULL, NULL)
INSERT INTO [dbo].[MATURITY_REFERENCES] ([Mat_Question_Id], [Gen_File_Id], [Section_Ref], [Page_Number], [Destination_String]) VALUES (4890, 6079, '', NULL, NULL)
INSERT INTO [dbo].[MATURITY_REFERENCES] ([Mat_Question_Id], [Gen_File_Id], [Section_Ref], [Page_Number], [Destination_String]) VALUES (4890, 6080, '', NULL, NULL)
INSERT INTO [dbo].[MATURITY_REFERENCES] ([Mat_Question_Id], [Gen_File_Id], [Section_Ref], [Page_Number], [Destination_String]) VALUES (4890, 6081, '', NULL, NULL)
INSERT INTO [dbo].[MATURITY_REFERENCES] ([Mat_Question_Id], [Gen_File_Id], [Section_Ref], [Page_Number], [Destination_String]) VALUES (4890, 6082, '', NULL, NULL)
INSERT INTO [dbo].[MATURITY_REFERENCES] ([Mat_Question_Id], [Gen_File_Id], [Section_Ref], [Page_Number], [Destination_String]) VALUES (4890, 6083, '', NULL, NULL)
INSERT INTO [dbo].[MATURITY_REFERENCES] ([Mat_Question_Id], [Gen_File_Id], [Section_Ref], [Page_Number], [Destination_String]) VALUES (4890, 6084, '', NULL, NULL)
INSERT INTO [dbo].[MATURITY_REFERENCES] ([Mat_Question_Id], [Gen_File_Id], [Section_Ref], [Page_Number], [Destination_String]) VALUES (4890, 6085, '', NULL, NULL)
INSERT INTO [dbo].[MATURITY_REFERENCES] ([Mat_Question_Id], [Gen_File_Id], [Section_Ref], [Page_Number], [Destination_String]) VALUES (4891, 6079, '', NULL, NULL)
INSERT INTO [dbo].[MATURITY_REFERENCES] ([Mat_Question_Id], [Gen_File_Id], [Section_Ref], [Page_Number], [Destination_String]) VALUES (4891, 6080, '', NULL, NULL)
INSERT INTO [dbo].[MATURITY_REFERENCES] ([Mat_Question_Id], [Gen_File_Id], [Section_Ref], [Page_Number], [Destination_String]) VALUES (4891, 6081, '', NULL, NULL)
INSERT INTO [dbo].[MATURITY_REFERENCES] ([Mat_Question_Id], [Gen_File_Id], [Section_Ref], [Page_Number], [Destination_String]) VALUES (4891, 6082, '', NULL, NULL)
INSERT INTO [dbo].[MATURITY_REFERENCES] ([Mat_Question_Id], [Gen_File_Id], [Section_Ref], [Page_Number], [Destination_String]) VALUES (4891, 6083, '', NULL, NULL)
INSERT INTO [dbo].[MATURITY_REFERENCES] ([Mat_Question_Id], [Gen_File_Id], [Section_Ref], [Page_Number], [Destination_String]) VALUES (4891, 6084, '', NULL, NULL)
INSERT INTO [dbo].[MATURITY_REFERENCES] ([Mat_Question_Id], [Gen_File_Id], [Section_Ref], [Page_Number], [Destination_String]) VALUES (4891, 6085, '', NULL, NULL)
INSERT INTO [dbo].[MATURITY_REFERENCES] ([Mat_Question_Id], [Gen_File_Id], [Section_Ref], [Page_Number], [Destination_String]) VALUES (4892, 6079, '', NULL, NULL)
INSERT INTO [dbo].[MATURITY_REFERENCES] ([Mat_Question_Id], [Gen_File_Id], [Section_Ref], [Page_Number], [Destination_String]) VALUES (4892, 6080, '', NULL, NULL)
INSERT INTO [dbo].[MATURITY_REFERENCES] ([Mat_Question_Id], [Gen_File_Id], [Section_Ref], [Page_Number], [Destination_String]) VALUES (4892, 6081, '', NULL, NULL)
INSERT INTO [dbo].[MATURITY_REFERENCES] ([Mat_Question_Id], [Gen_File_Id], [Section_Ref], [Page_Number], [Destination_String]) VALUES (4892, 6082, '', NULL, NULL)
INSERT INTO [dbo].[MATURITY_REFERENCES] ([Mat_Question_Id], [Gen_File_Id], [Section_Ref], [Page_Number], [Destination_String]) VALUES (4892, 6083, '', NULL, NULL)
INSERT INTO [dbo].[MATURITY_REFERENCES] ([Mat_Question_Id], [Gen_File_Id], [Section_Ref], [Page_Number], [Destination_String]) VALUES (4892, 6084, '', NULL, NULL)
INSERT INTO [dbo].[MATURITY_REFERENCES] ([Mat_Question_Id], [Gen_File_Id], [Section_Ref], [Page_Number], [Destination_String]) VALUES (4892, 6085, '', NULL, NULL)
INSERT INTO [dbo].[MATURITY_REFERENCES] ([Mat_Question_Id], [Gen_File_Id], [Section_Ref], [Page_Number], [Destination_String]) VALUES (4893, 6079, '', NULL, NULL)
INSERT INTO [dbo].[MATURITY_REFERENCES] ([Mat_Question_Id], [Gen_File_Id], [Section_Ref], [Page_Number], [Destination_String]) VALUES (4893, 6080, '', NULL, NULL)
INSERT INTO [dbo].[MATURITY_REFERENCES] ([Mat_Question_Id], [Gen_File_Id], [Section_Ref], [Page_Number], [Destination_String]) VALUES (4893, 6081, '', NULL, NULL)
INSERT INTO [dbo].[MATURITY_REFERENCES] ([Mat_Question_Id], [Gen_File_Id], [Section_Ref], [Page_Number], [Destination_String]) VALUES (4893, 6082, '', NULL, NULL)
INSERT INTO [dbo].[MATURITY_REFERENCES] ([Mat_Question_Id], [Gen_File_Id], [Section_Ref], [Page_Number], [Destination_String]) VALUES (4893, 6083, '', NULL, NULL)
INSERT INTO [dbo].[MATURITY_REFERENCES] ([Mat_Question_Id], [Gen_File_Id], [Section_Ref], [Page_Number], [Destination_String]) VALUES (4893, 6084, '', NULL, NULL)
INSERT INTO [dbo].[MATURITY_REFERENCES] ([Mat_Question_Id], [Gen_File_Id], [Section_Ref], [Page_Number], [Destination_String]) VALUES (4893, 6085, '', NULL, NULL)
INSERT INTO [dbo].[MATURITY_REFERENCES] ([Mat_Question_Id], [Gen_File_Id], [Section_Ref], [Page_Number], [Destination_String]) VALUES (4894, 6079, '', NULL, NULL)
INSERT INTO [dbo].[MATURITY_REFERENCES] ([Mat_Question_Id], [Gen_File_Id], [Section_Ref], [Page_Number], [Destination_String]) VALUES (4894, 6080, '', NULL, NULL)
INSERT INTO [dbo].[MATURITY_REFERENCES] ([Mat_Question_Id], [Gen_File_Id], [Section_Ref], [Page_Number], [Destination_String]) VALUES (4894, 6081, '', NULL, NULL)
INSERT INTO [dbo].[MATURITY_REFERENCES] ([Mat_Question_Id], [Gen_File_Id], [Section_Ref], [Page_Number], [Destination_String]) VALUES (4894, 6082, '', NULL, NULL)
INSERT INTO [dbo].[MATURITY_REFERENCES] ([Mat_Question_Id], [Gen_File_Id], [Section_Ref], [Page_Number], [Destination_String]) VALUES (4894, 6083, '', NULL, NULL)
INSERT INTO [dbo].[MATURITY_REFERENCES] ([Mat_Question_Id], [Gen_File_Id], [Section_Ref], [Page_Number], [Destination_String]) VALUES (4894, 6084, '', NULL, NULL)
INSERT INTO [dbo].[MATURITY_REFERENCES] ([Mat_Question_Id], [Gen_File_Id], [Section_Ref], [Page_Number], [Destination_String]) VALUES (4894, 6085, '', NULL, NULL)
INSERT INTO [dbo].[MATURITY_REFERENCES] ([Mat_Question_Id], [Gen_File_Id], [Section_Ref], [Page_Number], [Destination_String]) VALUES (4895, 6079, '', NULL, NULL)
INSERT INTO [dbo].[MATURITY_REFERENCES] ([Mat_Question_Id], [Gen_File_Id], [Section_Ref], [Page_Number], [Destination_String]) VALUES (4895, 6080, '', NULL, NULL)
INSERT INTO [dbo].[MATURITY_REFERENCES] ([Mat_Question_Id], [Gen_File_Id], [Section_Ref], [Page_Number], [Destination_String]) VALUES (4895, 6081, '', NULL, NULL)
INSERT INTO [dbo].[MATURITY_REFERENCES] ([Mat_Question_Id], [Gen_File_Id], [Section_Ref], [Page_Number], [Destination_String]) VALUES (4895, 6082, '', NULL, NULL)
INSERT INTO [dbo].[MATURITY_REFERENCES] ([Mat_Question_Id], [Gen_File_Id], [Section_Ref], [Page_Number], [Destination_String]) VALUES (4895, 6083, '', NULL, NULL)
INSERT INTO [dbo].[MATURITY_REFERENCES] ([Mat_Question_Id], [Gen_File_Id], [Section_Ref], [Page_Number], [Destination_String]) VALUES (4895, 6084, '', NULL, NULL)
INSERT INTO [dbo].[MATURITY_REFERENCES] ([Mat_Question_Id], [Gen_File_Id], [Section_Ref], [Page_Number], [Destination_String]) VALUES (4895, 6085, '', NULL, NULL)
INSERT INTO [dbo].[MATURITY_REFERENCES] ([Mat_Question_Id], [Gen_File_Id], [Section_Ref], [Page_Number], [Destination_String]) VALUES (4896, 6079, '', NULL, NULL)
INSERT INTO [dbo].[MATURITY_REFERENCES] ([Mat_Question_Id], [Gen_File_Id], [Section_Ref], [Page_Number], [Destination_String]) VALUES (4896, 6080, '', NULL, NULL)
INSERT INTO [dbo].[MATURITY_REFERENCES] ([Mat_Question_Id], [Gen_File_Id], [Section_Ref], [Page_Number], [Destination_String]) VALUES (4896, 6081, '', NULL, NULL)
INSERT INTO [dbo].[MATURITY_REFERENCES] ([Mat_Question_Id], [Gen_File_Id], [Section_Ref], [Page_Number], [Destination_String]) VALUES (4896, 6082, '', NULL, NULL)
INSERT INTO [dbo].[MATURITY_REFERENCES] ([Mat_Question_Id], [Gen_File_Id], [Section_Ref], [Page_Number], [Destination_String]) VALUES (4896, 6083, '', NULL, NULL)
INSERT INTO [dbo].[MATURITY_REFERENCES] ([Mat_Question_Id], [Gen_File_Id], [Section_Ref], [Page_Number], [Destination_String]) VALUES (4896, 6084, '', NULL, NULL)
INSERT INTO [dbo].[MATURITY_REFERENCES] ([Mat_Question_Id], [Gen_File_Id], [Section_Ref], [Page_Number], [Destination_String]) VALUES (4896, 6085, '', NULL, NULL)
INSERT INTO [dbo].[MATURITY_REFERENCES] ([Mat_Question_Id], [Gen_File_Id], [Section_Ref], [Page_Number], [Destination_String]) VALUES (4897, 6079, '', NULL, NULL)
INSERT INTO [dbo].[MATURITY_REFERENCES] ([Mat_Question_Id], [Gen_File_Id], [Section_Ref], [Page_Number], [Destination_String]) VALUES (4897, 6080, '', NULL, NULL)
INSERT INTO [dbo].[MATURITY_REFERENCES] ([Mat_Question_Id], [Gen_File_Id], [Section_Ref], [Page_Number], [Destination_String]) VALUES (4897, 6081, '', NULL, NULL)
INSERT INTO [dbo].[MATURITY_REFERENCES] ([Mat_Question_Id], [Gen_File_Id], [Section_Ref], [Page_Number], [Destination_String]) VALUES (4897, 6082, '', NULL, NULL)
INSERT INTO [dbo].[MATURITY_REFERENCES] ([Mat_Question_Id], [Gen_File_Id], [Section_Ref], [Page_Number], [Destination_String]) VALUES (4897, 6083, '', NULL, NULL)
INSERT INTO [dbo].[MATURITY_REFERENCES] ([Mat_Question_Id], [Gen_File_Id], [Section_Ref], [Page_Number], [Destination_String]) VALUES (4897, 6084, '', NULL, NULL)
INSERT INTO [dbo].[MATURITY_REFERENCES] ([Mat_Question_Id], [Gen_File_Id], [Section_Ref], [Page_Number], [Destination_String]) VALUES (4897, 6085, '', NULL, NULL)
INSERT INTO [dbo].[MATURITY_REFERENCES] ([Mat_Question_Id], [Gen_File_Id], [Section_Ref], [Page_Number], [Destination_String]) VALUES (4898, 6079, '', NULL, NULL)
INSERT INTO [dbo].[MATURITY_REFERENCES] ([Mat_Question_Id], [Gen_File_Id], [Section_Ref], [Page_Number], [Destination_String]) VALUES (4898, 6080, '', NULL, NULL)
INSERT INTO [dbo].[MATURITY_REFERENCES] ([Mat_Question_Id], [Gen_File_Id], [Section_Ref], [Page_Number], [Destination_String]) VALUES (4898, 6081, '', NULL, NULL)
INSERT INTO [dbo].[MATURITY_REFERENCES] ([Mat_Question_Id], [Gen_File_Id], [Section_Ref], [Page_Number], [Destination_String]) VALUES (4898, 6082, '', NULL, NULL)
INSERT INTO [dbo].[MATURITY_REFERENCES] ([Mat_Question_Id], [Gen_File_Id], [Section_Ref], [Page_Number], [Destination_String]) VALUES (4898, 6083, '', NULL, NULL)
INSERT INTO [dbo].[MATURITY_REFERENCES] ([Mat_Question_Id], [Gen_File_Id], [Section_Ref], [Page_Number], [Destination_String]) VALUES (4898, 6084, '', NULL, NULL)
INSERT INTO [dbo].[MATURITY_REFERENCES] ([Mat_Question_Id], [Gen_File_Id], [Section_Ref], [Page_Number], [Destination_String]) VALUES (4898, 6085, '', NULL, NULL)
INSERT INTO [dbo].[MATURITY_REFERENCES] ([Mat_Question_Id], [Gen_File_Id], [Section_Ref], [Page_Number], [Destination_String]) VALUES (4899, 6079, '', NULL, NULL)
INSERT INTO [dbo].[MATURITY_REFERENCES] ([Mat_Question_Id], [Gen_File_Id], [Section_Ref], [Page_Number], [Destination_String]) VALUES (4899, 6080, '', NULL, NULL)
INSERT INTO [dbo].[MATURITY_REFERENCES] ([Mat_Question_Id], [Gen_File_Id], [Section_Ref], [Page_Number], [Destination_String]) VALUES (4899, 6081, '', NULL, NULL)
INSERT INTO [dbo].[MATURITY_REFERENCES] ([Mat_Question_Id], [Gen_File_Id], [Section_Ref], [Page_Number], [Destination_String]) VALUES (4899, 6082, '', NULL, NULL)
INSERT INTO [dbo].[MATURITY_REFERENCES] ([Mat_Question_Id], [Gen_File_Id], [Section_Ref], [Page_Number], [Destination_String]) VALUES (4899, 6083, '', NULL, NULL)
INSERT INTO [dbo].[MATURITY_REFERENCES] ([Mat_Question_Id], [Gen_File_Id], [Section_Ref], [Page_Number], [Destination_String]) VALUES (4899, 6084, '', NULL, NULL)
INSERT INTO [dbo].[MATURITY_REFERENCES] ([Mat_Question_Id], [Gen_File_Id], [Section_Ref], [Page_Number], [Destination_String]) VALUES (4899, 6085, '', NULL, NULL)
INSERT INTO [dbo].[MATURITY_REFERENCES] ([Mat_Question_Id], [Gen_File_Id], [Section_Ref], [Page_Number], [Destination_String]) VALUES (4900, 6079, '', NULL, NULL)
INSERT INTO [dbo].[MATURITY_REFERENCES] ([Mat_Question_Id], [Gen_File_Id], [Section_Ref], [Page_Number], [Destination_String]) VALUES (4900, 6080, '', NULL, NULL)
INSERT INTO [dbo].[MATURITY_REFERENCES] ([Mat_Question_Id], [Gen_File_Id], [Section_Ref], [Page_Number], [Destination_String]) VALUES (4900, 6081, '', NULL, NULL)
INSERT INTO [dbo].[MATURITY_REFERENCES] ([Mat_Question_Id], [Gen_File_Id], [Section_Ref], [Page_Number], [Destination_String]) VALUES (4900, 6082, '', NULL, NULL)
INSERT INTO [dbo].[MATURITY_REFERENCES] ([Mat_Question_Id], [Gen_File_Id], [Section_Ref], [Page_Number], [Destination_String]) VALUES (4900, 6083, '', NULL, NULL)
INSERT INTO [dbo].[MATURITY_REFERENCES] ([Mat_Question_Id], [Gen_File_Id], [Section_Ref], [Page_Number], [Destination_String]) VALUES (4900, 6084, '', NULL, NULL)
INSERT INTO [dbo].[MATURITY_REFERENCES] ([Mat_Question_Id], [Gen_File_Id], [Section_Ref], [Page_Number], [Destination_String]) VALUES (4900, 6085, '', NULL, NULL)
INSERT INTO [dbo].[MATURITY_REFERENCES] ([Mat_Question_Id], [Gen_File_Id], [Section_Ref], [Page_Number], [Destination_String]) VALUES (4901, 6079, '', NULL, NULL)
INSERT INTO [dbo].[MATURITY_REFERENCES] ([Mat_Question_Id], [Gen_File_Id], [Section_Ref], [Page_Number], [Destination_String]) VALUES (4901, 6080, '', NULL, NULL)
INSERT INTO [dbo].[MATURITY_REFERENCES] ([Mat_Question_Id], [Gen_File_Id], [Section_Ref], [Page_Number], [Destination_String]) VALUES (4901, 6081, '', NULL, NULL)
INSERT INTO [dbo].[MATURITY_REFERENCES] ([Mat_Question_Id], [Gen_File_Id], [Section_Ref], [Page_Number], [Destination_String]) VALUES (4901, 6082, '', NULL, NULL)
INSERT INTO [dbo].[MATURITY_REFERENCES] ([Mat_Question_Id], [Gen_File_Id], [Section_Ref], [Page_Number], [Destination_String]) VALUES (4901, 6083, '', NULL, NULL)
INSERT INTO [dbo].[MATURITY_REFERENCES] ([Mat_Question_Id], [Gen_File_Id], [Section_Ref], [Page_Number], [Destination_String]) VALUES (4901, 6084, '', NULL, NULL)
INSERT INTO [dbo].[MATURITY_REFERENCES] ([Mat_Question_Id], [Gen_File_Id], [Section_Ref], [Page_Number], [Destination_String]) VALUES (4901, 6085, '', NULL, NULL)
INSERT INTO [dbo].[MATURITY_REFERENCES] ([Mat_Question_Id], [Gen_File_Id], [Section_Ref], [Page_Number], [Destination_String]) VALUES (4902, 6079, '', NULL, NULL)
INSERT INTO [dbo].[MATURITY_REFERENCES] ([Mat_Question_Id], [Gen_File_Id], [Section_Ref], [Page_Number], [Destination_String]) VALUES (4902, 6080, '', NULL, NULL)
INSERT INTO [dbo].[MATURITY_REFERENCES] ([Mat_Question_Id], [Gen_File_Id], [Section_Ref], [Page_Number], [Destination_String]) VALUES (4902, 6081, '', NULL, NULL)
INSERT INTO [dbo].[MATURITY_REFERENCES] ([Mat_Question_Id], [Gen_File_Id], [Section_Ref], [Page_Number], [Destination_String]) VALUES (4902, 6082, '', NULL, NULL)
INSERT INTO [dbo].[MATURITY_REFERENCES] ([Mat_Question_Id], [Gen_File_Id], [Section_Ref], [Page_Number], [Destination_String]) VALUES (4902, 6083, '', NULL, NULL)
INSERT INTO [dbo].[MATURITY_REFERENCES] ([Mat_Question_Id], [Gen_File_Id], [Section_Ref], [Page_Number], [Destination_String]) VALUES (4902, 6084, '', NULL, NULL)
INSERT INTO [dbo].[MATURITY_REFERENCES] ([Mat_Question_Id], [Gen_File_Id], [Section_Ref], [Page_Number], [Destination_String]) VALUES (4902, 6085, '', NULL, NULL)
INSERT INTO [dbo].[MATURITY_REFERENCES] ([Mat_Question_Id], [Gen_File_Id], [Section_Ref], [Page_Number], [Destination_String]) VALUES (4903, 6079, '', NULL, NULL)
INSERT INTO [dbo].[MATURITY_REFERENCES] ([Mat_Question_Id], [Gen_File_Id], [Section_Ref], [Page_Number], [Destination_String]) VALUES (4903, 6080, '', NULL, NULL)
INSERT INTO [dbo].[MATURITY_REFERENCES] ([Mat_Question_Id], [Gen_File_Id], [Section_Ref], [Page_Number], [Destination_String]) VALUES (4903, 6081, '', NULL, NULL)
INSERT INTO [dbo].[MATURITY_REFERENCES] ([Mat_Question_Id], [Gen_File_Id], [Section_Ref], [Page_Number], [Destination_String]) VALUES (4903, 6082, '', NULL, NULL)
INSERT INTO [dbo].[MATURITY_REFERENCES] ([Mat_Question_Id], [Gen_File_Id], [Section_Ref], [Page_Number], [Destination_String]) VALUES (4903, 6083, '', NULL, NULL)
INSERT INTO [dbo].[MATURITY_REFERENCES] ([Mat_Question_Id], [Gen_File_Id], [Section_Ref], [Page_Number], [Destination_String]) VALUES (4903, 6084, '', NULL, NULL)
INSERT INTO [dbo].[MATURITY_REFERENCES] ([Mat_Question_Id], [Gen_File_Id], [Section_Ref], [Page_Number], [Destination_String]) VALUES (4903, 6085, '', NULL, NULL)
INSERT INTO [dbo].[MATURITY_REFERENCES] ([Mat_Question_Id], [Gen_File_Id], [Section_Ref], [Page_Number], [Destination_String]) VALUES (4904, 6079, '', NULL, NULL)
INSERT INTO [dbo].[MATURITY_REFERENCES] ([Mat_Question_Id], [Gen_File_Id], [Section_Ref], [Page_Number], [Destination_String]) VALUES (4904, 6080, '', NULL, NULL)
INSERT INTO [dbo].[MATURITY_REFERENCES] ([Mat_Question_Id], [Gen_File_Id], [Section_Ref], [Page_Number], [Destination_String]) VALUES (4904, 6081, '', NULL, NULL)
INSERT INTO [dbo].[MATURITY_REFERENCES] ([Mat_Question_Id], [Gen_File_Id], [Section_Ref], [Page_Number], [Destination_String]) VALUES (4904, 6082, '', NULL, NULL)
INSERT INTO [dbo].[MATURITY_REFERENCES] ([Mat_Question_Id], [Gen_File_Id], [Section_Ref], [Page_Number], [Destination_String]) VALUES (4904, 6083, '', NULL, NULL)
INSERT INTO [dbo].[MATURITY_REFERENCES] ([Mat_Question_Id], [Gen_File_Id], [Section_Ref], [Page_Number], [Destination_String]) VALUES (4904, 6084, '', NULL, NULL)
INSERT INTO [dbo].[MATURITY_REFERENCES] ([Mat_Question_Id], [Gen_File_Id], [Section_Ref], [Page_Number], [Destination_String]) VALUES (4904, 6085, '', NULL, NULL)
INSERT INTO [dbo].[MATURITY_REFERENCES] ([Mat_Question_Id], [Gen_File_Id], [Section_Ref], [Page_Number], [Destination_String]) VALUES (4906, 6079, '', NULL, NULL)
INSERT INTO [dbo].[MATURITY_REFERENCES] ([Mat_Question_Id], [Gen_File_Id], [Section_Ref], [Page_Number], [Destination_String]) VALUES (4906, 6080, '', NULL, NULL)
INSERT INTO [dbo].[MATURITY_REFERENCES] ([Mat_Question_Id], [Gen_File_Id], [Section_Ref], [Page_Number], [Destination_String]) VALUES (4906, 6081, '', NULL, NULL)
INSERT INTO [dbo].[MATURITY_REFERENCES] ([Mat_Question_Id], [Gen_File_Id], [Section_Ref], [Page_Number], [Destination_String]) VALUES (4906, 6082, '', NULL, NULL)
INSERT INTO [dbo].[MATURITY_REFERENCES] ([Mat_Question_Id], [Gen_File_Id], [Section_Ref], [Page_Number], [Destination_String]) VALUES (4906, 6083, '', NULL, NULL)
INSERT INTO [dbo].[MATURITY_REFERENCES] ([Mat_Question_Id], [Gen_File_Id], [Section_Ref], [Page_Number], [Destination_String]) VALUES (4906, 6084, '', NULL, NULL)
INSERT INTO [dbo].[MATURITY_REFERENCES] ([Mat_Question_Id], [Gen_File_Id], [Section_Ref], [Page_Number], [Destination_String]) VALUES (4906, 6085, '', NULL, NULL)
INSERT INTO [dbo].[MATURITY_REFERENCES] ([Mat_Question_Id], [Gen_File_Id], [Section_Ref], [Page_Number], [Destination_String]) VALUES (4907, 6079, '', NULL, NULL)
INSERT INTO [dbo].[MATURITY_REFERENCES] ([Mat_Question_Id], [Gen_File_Id], [Section_Ref], [Page_Number], [Destination_String]) VALUES (4907, 6080, '', NULL, NULL)
INSERT INTO [dbo].[MATURITY_REFERENCES] ([Mat_Question_Id], [Gen_File_Id], [Section_Ref], [Page_Number], [Destination_String]) VALUES (4907, 6081, '', NULL, NULL)
INSERT INTO [dbo].[MATURITY_REFERENCES] ([Mat_Question_Id], [Gen_File_Id], [Section_Ref], [Page_Number], [Destination_String]) VALUES (4907, 6082, '', NULL, NULL)
INSERT INTO [dbo].[MATURITY_REFERENCES] ([Mat_Question_Id], [Gen_File_Id], [Section_Ref], [Page_Number], [Destination_String]) VALUES (4907, 6083, '', NULL, NULL)
INSERT INTO [dbo].[MATURITY_REFERENCES] ([Mat_Question_Id], [Gen_File_Id], [Section_Ref], [Page_Number], [Destination_String]) VALUES (4907, 6084, '', NULL, NULL)
INSERT INTO [dbo].[MATURITY_REFERENCES] ([Mat_Question_Id], [Gen_File_Id], [Section_Ref], [Page_Number], [Destination_String]) VALUES (4907, 6085, '', NULL, NULL)
INSERT INTO [dbo].[MATURITY_REFERENCES] ([Mat_Question_Id], [Gen_File_Id], [Section_Ref], [Page_Number], [Destination_String]) VALUES (4908, 6079, '', NULL, NULL)
INSERT INTO [dbo].[MATURITY_REFERENCES] ([Mat_Question_Id], [Gen_File_Id], [Section_Ref], [Page_Number], [Destination_String]) VALUES (4908, 6080, '', NULL, NULL)
INSERT INTO [dbo].[MATURITY_REFERENCES] ([Mat_Question_Id], [Gen_File_Id], [Section_Ref], [Page_Number], [Destination_String]) VALUES (4908, 6081, '', NULL, NULL)
INSERT INTO [dbo].[MATURITY_REFERENCES] ([Mat_Question_Id], [Gen_File_Id], [Section_Ref], [Page_Number], [Destination_String]) VALUES (4908, 6082, '', NULL, NULL)
INSERT INTO [dbo].[MATURITY_REFERENCES] ([Mat_Question_Id], [Gen_File_Id], [Section_Ref], [Page_Number], [Destination_String]) VALUES (4908, 6083, '', NULL, NULL)
INSERT INTO [dbo].[MATURITY_REFERENCES] ([Mat_Question_Id], [Gen_File_Id], [Section_Ref], [Page_Number], [Destination_String]) VALUES (4908, 6084, '', NULL, NULL)
INSERT INTO [dbo].[MATURITY_REFERENCES] ([Mat_Question_Id], [Gen_File_Id], [Section_Ref], [Page_Number], [Destination_String]) VALUES (4908, 6085, '', NULL, NULL)
INSERT INTO [dbo].[MATURITY_REFERENCES] ([Mat_Question_Id], [Gen_File_Id], [Section_Ref], [Page_Number], [Destination_String]) VALUES (4909, 6079, '', NULL, NULL)
INSERT INTO [dbo].[MATURITY_REFERENCES] ([Mat_Question_Id], [Gen_File_Id], [Section_Ref], [Page_Number], [Destination_String]) VALUES (4909, 6080, '', NULL, NULL)
INSERT INTO [dbo].[MATURITY_REFERENCES] ([Mat_Question_Id], [Gen_File_Id], [Section_Ref], [Page_Number], [Destination_String]) VALUES (4909, 6081, '', NULL, NULL)
INSERT INTO [dbo].[MATURITY_REFERENCES] ([Mat_Question_Id], [Gen_File_Id], [Section_Ref], [Page_Number], [Destination_String]) VALUES (4909, 6082, '', NULL, NULL)
INSERT INTO [dbo].[MATURITY_REFERENCES] ([Mat_Question_Id], [Gen_File_Id], [Section_Ref], [Page_Number], [Destination_String]) VALUES (4909, 6083, '', NULL, NULL)
INSERT INTO [dbo].[MATURITY_REFERENCES] ([Mat_Question_Id], [Gen_File_Id], [Section_Ref], [Page_Number], [Destination_String]) VALUES (4909, 6084, '', NULL, NULL)
INSERT INTO [dbo].[MATURITY_REFERENCES] ([Mat_Question_Id], [Gen_File_Id], [Section_Ref], [Page_Number], [Destination_String]) VALUES (4909, 6085, '', NULL, NULL)
INSERT INTO [dbo].[MATURITY_REFERENCES] ([Mat_Question_Id], [Gen_File_Id], [Section_Ref], [Page_Number], [Destination_String]) VALUES (4910, 6079, '', NULL, NULL)
INSERT INTO [dbo].[MATURITY_REFERENCES] ([Mat_Question_Id], [Gen_File_Id], [Section_Ref], [Page_Number], [Destination_String]) VALUES (4910, 6080, '', NULL, NULL)
INSERT INTO [dbo].[MATURITY_REFERENCES] ([Mat_Question_Id], [Gen_File_Id], [Section_Ref], [Page_Number], [Destination_String]) VALUES (4910, 6081, '', NULL, NULL)
INSERT INTO [dbo].[MATURITY_REFERENCES] ([Mat_Question_Id], [Gen_File_Id], [Section_Ref], [Page_Number], [Destination_String]) VALUES (4910, 6082, '', NULL, NULL)
INSERT INTO [dbo].[MATURITY_REFERENCES] ([Mat_Question_Id], [Gen_File_Id], [Section_Ref], [Page_Number], [Destination_String]) VALUES (4910, 6083, '', NULL, NULL)
INSERT INTO [dbo].[MATURITY_REFERENCES] ([Mat_Question_Id], [Gen_File_Id], [Section_Ref], [Page_Number], [Destination_String]) VALUES (4910, 6084, '', NULL, NULL)
INSERT INTO [dbo].[MATURITY_REFERENCES] ([Mat_Question_Id], [Gen_File_Id], [Section_Ref], [Page_Number], [Destination_String]) VALUES (4910, 6085, '', NULL, NULL)
INSERT INTO [dbo].[MATURITY_REFERENCES] ([Mat_Question_Id], [Gen_File_Id], [Section_Ref], [Page_Number], [Destination_String]) VALUES (4911, 6079, '', NULL, NULL)
INSERT INTO [dbo].[MATURITY_REFERENCES] ([Mat_Question_Id], [Gen_File_Id], [Section_Ref], [Page_Number], [Destination_String]) VALUES (4911, 6080, '', NULL, NULL)
INSERT INTO [dbo].[MATURITY_REFERENCES] ([Mat_Question_Id], [Gen_File_Id], [Section_Ref], [Page_Number], [Destination_String]) VALUES (4911, 6081, '', NULL, NULL)
INSERT INTO [dbo].[MATURITY_REFERENCES] ([Mat_Question_Id], [Gen_File_Id], [Section_Ref], [Page_Number], [Destination_String]) VALUES (4911, 6082, '', NULL, NULL)
INSERT INTO [dbo].[MATURITY_REFERENCES] ([Mat_Question_Id], [Gen_File_Id], [Section_Ref], [Page_Number], [Destination_String]) VALUES (4911, 6083, '', NULL, NULL)
INSERT INTO [dbo].[MATURITY_REFERENCES] ([Mat_Question_Id], [Gen_File_Id], [Section_Ref], [Page_Number], [Destination_String]) VALUES (4911, 6084, '', NULL, NULL)
INSERT INTO [dbo].[MATURITY_REFERENCES] ([Mat_Question_Id], [Gen_File_Id], [Section_Ref], [Page_Number], [Destination_String]) VALUES (4911, 6085, '', NULL, NULL)
INSERT INTO [dbo].[MATURITY_REFERENCES] ([Mat_Question_Id], [Gen_File_Id], [Section_Ref], [Page_Number], [Destination_String]) VALUES (4912, 6079, '', NULL, NULL)
INSERT INTO [dbo].[MATURITY_REFERENCES] ([Mat_Question_Id], [Gen_File_Id], [Section_Ref], [Page_Number], [Destination_String]) VALUES (4912, 6080, '', NULL, NULL)
INSERT INTO [dbo].[MATURITY_REFERENCES] ([Mat_Question_Id], [Gen_File_Id], [Section_Ref], [Page_Number], [Destination_String]) VALUES (4912, 6081, '', NULL, NULL)
INSERT INTO [dbo].[MATURITY_REFERENCES] ([Mat_Question_Id], [Gen_File_Id], [Section_Ref], [Page_Number], [Destination_String]) VALUES (4912, 6082, '', NULL, NULL)
INSERT INTO [dbo].[MATURITY_REFERENCES] ([Mat_Question_Id], [Gen_File_Id], [Section_Ref], [Page_Number], [Destination_String]) VALUES (4912, 6083, '', NULL, NULL)
INSERT INTO [dbo].[MATURITY_REFERENCES] ([Mat_Question_Id], [Gen_File_Id], [Section_Ref], [Page_Number], [Destination_String]) VALUES (4912, 6084, '', NULL, NULL)
INSERT INTO [dbo].[MATURITY_REFERENCES] ([Mat_Question_Id], [Gen_File_Id], [Section_Ref], [Page_Number], [Destination_String]) VALUES (4912, 6085, '', NULL, NULL)
PRINT(N'Operation applied to 772 rows out of 772')

PRINT(N'Add constraints to [dbo].[MATURITY_REFERENCES]')
ALTER TABLE [dbo].[MATURITY_REFERENCES] CHECK CONSTRAINT [FK_MATURITY_REFERENCES_GEN_FILE]
ALTER TABLE [dbo].[MATURITY_REFERENCES] CHECK CONSTRAINT [FK_MATURITY_REFERENCES_MATURITY_QUESTIONS]

PRINT(N'Add constraints to [dbo].[GEN_FILE_LIB_PATH_CORL]')
ALTER TABLE [dbo].[GEN_FILE_LIB_PATH_CORL] CHECK CONSTRAINT [FK_GEN_FILE_LIB_PATH_CORL_GEN_FILE]
ALTER TABLE [dbo].[GEN_FILE_LIB_PATH_CORL] CHECK CONSTRAINT [FK_GEN_FILE_LIB_PATH_CORL_REF_LIBRARY_PATH]

PRINT(N'Add constraints to [dbo].[GEN_FILE]')
ALTER TABLE [dbo].[GEN_FILE] WITH CHECK CHECK CONSTRAINT [FK_GEN_FILE_FILE_REF_KEYS]
ALTER TABLE [dbo].[GEN_FILE] WITH CHECK CHECK CONSTRAINT [FK_GEN_FILE_FILE_TYPE]
ALTER TABLE [dbo].[FILE_KEYWORDS] CHECK CONSTRAINT [FILE_KEYWORDS_GEN_FILE_FK]
ALTER TABLE [dbo].[MATURITY_SOURCE_FILES] CHECK CONSTRAINT [FK_MATURITY_SOURCE_FILES_GEN_FILE]
ALTER TABLE [dbo].[REQUIREMENT_REFERENCES] CHECK CONSTRAINT [FK_REQUIREMENT_REFERENCES_GEN_FILE]
ALTER TABLE [dbo].[REQUIREMENT_SOURCE_FILES] CHECK CONSTRAINT [FK_REQUIREMENT_SOURCE_FILES_GEN_FILE]
ALTER TABLE [dbo].[SET_FILES] WITH CHECK CHECK CONSTRAINT [FK_SET_FILES_GEN_FILE]
COMMIT TRANSACTION
GO
